Company,BBG ticker,Date,Reason,Type,Industry,MarketCapUSD,1M_TR,3M_TR,6M_TR,12M_TR,24M_TR,1M_SXXP,3M_SXXP,6M_SXXP,12M_SXXP,24M_SXXP,1M_ALPHA,3M_ALPHA,6M_ALPHA,12M_ALPHA,24M_ALPHA
CareTech Holdings PLC (AIM:CTH),CTH LN,14-Jun-12,Not explained,Big4 to non-Big4,"Consumer, Non-cyclical",#N/A N/A,0.111,0.143,0.184,0.217,1.053,0.062,0.148,0.167,0.247,0.535,0.049,-0.004,0.016,-0.03,0.518
Frontier Developments plc (AIM:FDEV),FDEV LN,30-Oct-19,Not explained,Non-Big4 to Big4,Technology,541,,,,,,,,,,,,,,,
Highland Gold Mining Limited (AIM:HGM),HGM LN,18-Jun-12,Not explained,Big4 to Big4,Basic Materials,948,0.095,0.256,-0.023,-0.24,-0.211,0.061,0.126,0.159,0.242,0.515,0.034,0.13,-0.182,-0.481,-0.726
IQE plc (AIM:IQE),IQE LN,12-Feb-18,Tender,Big4 to Big4,Technology,749,0.348,0.181,0.017,-0.384,,0.02,0.07,0.062,0.007,,0.328,0.111,-0.045,-0.39,
Alpha Bank A.E. (ATSE:ALPHA),ALPHA GA,30-Jun-17,Not explained,Big4 to Big4,Financial,2774,-0.023,-0.227,-0.173,-0.113,-0.185,-0.002,0.028,0.034,0.035,0.087,-0.021,-0.254,-0.207,-0.149,-0.272
Alpha Bank A.E. (ATSE:ALPHA),ALPHA GA,23-Jun-10,Not explained,Big4 to Big4,Financial,5068,0.146,0.043,-0.08,-0.276,-0.715,0.007,0.031,0.117,0.075,0.044,0.139,0.013,-0.197,-0.351,-0.759
National Bank of Greece S.A. (ATSE:ETE),ETE GA,05-Jul-17,Not explained,Big4 to Big4,Financial,2358,0.045,-0.215,-0.096,-0.238,-0.299,0,0.025,0.046,0.03,0.092,0.045,-0.24,-0.142,-0.268,-0.391
National Bank of Greece S.A. (ATSE:ETE),ETE GA,21-May-10,Not explained,Big4 to Big4,Financial,15746,-0.032,-0.034,-0.207,-0.477,-0.859,0.094,0.072,0.151,0.22,0.091,-0.126,-0.106,-0.358,-0.697,-0.95
Eurobank Ergasias S.A. (ATSE:EUROB),EUROB GA,10-Jul-18,Tender,Big4 to Big4,Financial,2065,-0.044,-0.42,-0.368,-0.029,,0.001,-0.046,-0.089,0.039,,-0.045,-0.374,-0.28,-0.069,
Hellenic Telecommunications Organization S.A. (ATSE:HTO),HTO GA,23-Jun-11,Not explained,Big4 to Big4,Communications,5481,-0.022,-0.479,-0.562,-0.649,-0.084,0.03,-0.177,-0.075,-0.029,0.144,-0.053,-0.301,-0.488,-0.62,-0.228
Davide Campari-Milano S.p.A. (BIT:CPR),CPR IM,19-Dec-17,Mandatory rotation,Big4 to Big4,"Consumer, Non-cyclical",8161,-0.025,-0.061,0.084,0.199,,0.026,-0.039,0.005,-0.097,,-0.051,-0.022,0.08,0.296,
Enel SpA (BIT:ENEL),ENEL IM,02-May-11,Not explained,Big4 to Big4,Utilities,47006,-0.015,-0.16,-0.294,-0.463,-0.296,-0.022,-0.082,-0.148,-0.057,0.134,0.007,-0.078,-0.147,-0.406,-0.431
Recordati Industria Chimica e Farmaceutica S.p.A. (BIT:REC),REC IM,13-Apr-11,Not explained,Big4 to Big4,"Consumer, Non-cyclical",#N/A N/A,0.075,0.072,-0.047,-0.17,0.169,0.019,-0.012,-0.129,-0.053,0.135,0.057,0.084,0.083,-0.116,0.034
Snam S.p.A. (BIT:SRG),SRG IM,25-Apr-18,Previous dismissed,Big4 to Big4,Utilities,16749,-0.064,-0.025,-0.029,0.228,,0.037,0.031,-0.049,0.062,,-0.101,-0.056,0.02,0.165,
Tenaris S.A. (BIT:TEN),TEN IM,01-Jun-11,Not explained,Big4 to Big4,Industrial,#N/A N/A,-0.049,-0.303,-0.17,-0.248,0.031,-0.011,-0.137,-0.133,-0.122,0.164,-0.038,-0.166,-0.037,-0.126,-0.133
Tenaris S.A. (BIT:TEN),TEN IM,02-Jun-10,Not explained,Big4 to Big4,Industrial,25530,-0.02,-0.061,0.164,0.147,-0.137,-0.031,0.057,0.117,0.158,0.031,0.011,-0.118,0.047,-0.011,-0.167
Telecom Italia S.p.A. (BIT:TIT),TIT IM,29-Mar-19,Not explained,Big4 to Big4,Communications,11660,-0.096,-0.134,-0.063,,,0.039,0.034,0.059,,,-0.134,-0.168,-0.121,,
Telecom Italia S.p.A. (BIT:TIT),TIT IM,29-Apr-10,Tender,Big4 to Big4,Communications,30007,-0.03,0.007,0.102,0.076,-0.08,-0.057,-0.006,0.036,0.123,0.066,0.027,0.013,0.066,-0.047,-0.146
"Mapfre, S.A. (BME:MAP)",MAP SM,17-Mar-15,Not explained,Big4 to Big4,Financial,10482,0.109,-0.017,-0.178,-0.322,0.106,0.02,-0.018,-0.071,-0.114,0.018,0.088,0.001,-0.106,-0.207,0.088
"Naturgy Energy Group, S.A. (BME:NTGY)",NTGY SM,20-Apr-17,Not explained,Big4 to Big4,Utilities,18902,0.082,0.037,-0.034,0.085,0.418,0.044,0.03,0.051,0.044,0.105,0.038,0.008,-0.085,0.041,0.313
"Banco Santander, S.A. (BME:SAN)",SAN SM,06-Jul-15,Mandatory rotation,Big4 to Big4,Financial,105846,0.028,-0.159,-0.297,-0.436,0.061,0.059,-0.044,-0.057,-0.128,0.076,-0.032,-0.115,-0.24,-0.308,-0.014
"Telefónica, S.A. (BME:TEF)",TEF SM,12-May-16,Not explained,Big4 to Big4,Communications,55785,-0.04,0.001,-0.08,0.155,0.002,0.006,0.05,0.027,0.228,0.259,-0.046,-0.049,-0.107,-0.072,-0.257
Ambu A/S (CPSE:AMBU B),AMBUB DC,13-Dec-17,Not explained,Big4 to Big4,"Consumer, Non-cyclical",3671,0.167,0.23,1.108,0.494,,0.021,-0.034,0.018,-0.075,,0.146,0.264,1.089,0.57,
Carlsberg A/S (CPSE:CARL B),CARLB DC,30-Mar-17,Tender,Big4 to Big4,"Consumer, Non-cyclical",13190,0.071,0.093,0.083,0.158,0.365,0.023,0.014,0.042,0.006,0.066,0.048,0.079,0.041,0.152,0.3
Danske Bank A/S (CPSE:DANSKE),DANSKE DC,18-Mar-15,Not explained,Big4 to Big4,Financial,27188,0.102,0.151,0.219,0.133,0.535,0.017,-0.02,-0.091,-0.114,0.015,0.085,0.171,0.31,0.248,0.52
FLSmidth & Co. A/S (CPSE:FLS),FLS DC,30-Mar-17,Not explained,Big4 to Big4,Industrial,2035,0.109,0.111,0.124,0.05,-0.182,0.023,0.014,0.042,0.006,0.066,0.086,0.097,0.082,0.043,-0.248
GN Store Nord A/S (CPSE:GN),GN DC,21-Mar-19,Previous reappointed,Big4 to Big4,"Consumer, Non-cyclical",4947,0.053,0.014,-0.099,,,0.031,0.031,0.059,,,0.022,-0.017,-0.158,,
ROCKWOOL International A/S (CPSE:ROCK B),ROCKB DC,10-Apr-14,Not explained,Big4 to Big4,Industrial,3900,0.03,-0.055,-0.201,-0.114,0.031,0.023,0.025,-0.016,0.279,0.062,0.007,-0.08,-0.185,-0.392,-0.031
SimCorp A/S (CPSE:SIM),SIM DC,01-Apr-14,Tender,Big4 to Big4,Technology,#N/A N/A,-0.042,-0.128,-0.2,0.094,0.453,0.012,0.042,0.033,0.224,0.056,-0.054,-0.17,-0.233,-0.13,0.397
Topdanmark A/S (CPSE:TOP),TOP DC,12-Apr-18,Not explained,Big4 to Big4,Financial,3718,0.102,0.13,0.035,0.297,,0.045,0.031,-0.032,0.06,,0.057,0.099,0.068,0.237,
Zealand Pharma A/S (CPSE:ZEAL),ZEAL DC,30-Apr-14,Not explained,Big4 to Big4,"Consumer, Non-cyclical",#N/A N/A,-0.045,0.098,-0.015,0.376,0.94,0.027,0.019,-0.005,0.209,0.079,-0.072,0.078,-0.01,0.166,0.861
Koninklijke Ahold Delhaize N.V. (ENXTAM:AD),AD NA,04-Oct-12,Not explained,Big4 to Big4,"Consumer, Non-cyclical",12137,-0.008,0.06,0.233,0.362,0.356,0.014,0.065,0.088,0.182,0.32,-0.022,-0.005,0.145,0.18,0.037
ASML Holding N.V. (ENXTAM:ASML),ASML NA,29-Apr-16,Previous reappointed,Big4 to Big4,Technology,43397,0.077,0.187,0.155,0.471,0.947,0.033,0.014,0.016,0.172,0.204,0.044,0.173,0.139,0.298,0.743
ASML Holding N.V. (ENXTAM:ASML),ASML NA,23-Apr-15,Not explained,Big4 to Big4,Technology,44254,0.012,-0.064,-0.143,-0.14,0.24,0.01,-0.011,-0.058,-0.116,-0.008,0.002,-0.053,-0.085,-0.024,0.248
ING Groep N.V. (ENXTAM:INGA),INGA NA,12-May-15,Tender,Big4 to Big4,Financial,56459,0.03,0.013,-0.038,-0.233,0.194,-0.012,-0.026,-0.047,-0.13,0.068,0.042,0.039,0.009,-0.103,0.125
Koninklijke Philips N.V. (ENXTAM:PHIA),PHIA NA,07-May-15,Not explained,Big4 to Big4,"Consumer, Non-cyclical",26720,0.004,0.054,0.051,-0.036,0.428,0.006,0.03,-0.01,-0.118,0.085,-0.002,0.024,0.061,0.082,0.343
PostNL N.V. (ENXTAM:PNL),PNL NA,14-Apr-15,Not explained,Big4 to Big4,Industrial,1654,-0.123,-0.159,-0.299,-0.205,-0.047,-0.025,-0.019,-0.119,-0.136,-0.01,-0.098,-0.14,-0.179,-0.069,-0.036
Royal Dutch Shell plc (ENXTAM:RDSA),RDSA LN,22-Apr-16,Resignation,Big4 to Big4,Energy,144117,-0.056,0.176,0.189,0.183,0.579,-0.021,-0.008,0.008,0.123,0.172,-0.035,0.184,0.181,0.06,0.408
The Unilever Group (ENXTAM:UNA),UNA NA,14-May-14,Not explained,Big4 to Big4,"Consumer, Non-cyclical",114467,0.023,-0.022,0.023,0.267,0.335,0.021,-0.022,-0.005,0.203,0.046,0.002,0,0.028,0.065,0.288
Van Lanschot Kempen N.V. (ENXTAM:VLK),VLK NA,13-May-15,Not explained,Big4 to Big4,Financial,863,0.053,0.235,0.152,-0.075,0.411,-0.01,-0.013,-0.054,-0.124,0.07,0.063,0.248,0.206,0.049,0.341
Anheuser-Busch InBev SA/NV (ENXTBR:ABI),ABI BB,27-Apr-16,Not explained,Big4 to Big4,"Consumer, Non-cyclical",199916,0.026,0.018,0.009,-0.057,-0.202,0.014,-0.002,0,0.153,0.182,0.011,0.02,0.009,-0.21,-0.384
ageas SA/NV (ENXTBR:AGS),AGS BB,16-May-18,Not explained,Big4 to Big4,Financial,#N/A N/A,0.029,0.057,0.049,0.082,,-0.005,-0.021,-0.078,0.01,,0.034,0.078,0.127,0.072,
argenx SE (ENXTBR:ARGX),ARGX BB,15-May-15,Not explained,Big4 to Big4,"Consumer, Non-cyclical",#N/A N/A,0.323,0.102,0,0.207,0.631,-0.03,-0.018,-0.057,-0.127,0.068,0.353,0.12,0.057,0.333,0.563
GIMV NV (ENXTBR:GIMB),GIMB BB,30-Jun-10,Not explained,Big4 to Big4,Financial,#N/A N/A,0.088,0.087,0.173,0.264,0.169,0.051,0.072,0.148,0.16,0.112,0.037,0.014,0.024,0.104,0.056
"Galp Energia, SGPS, S.A. (ENXTLS:GALP)",GALP PL,10-Aug-18,Tender,Big4 to Big4,Energy,15817,-0.073,-0.153,-0.232,-0.232,,-0.025,-0.049,-0.065,-0.001,,-0.047,-0.104,-0.167,-0.231,
"Galp Energia, SGPS, S.A. (ENXTLS:GALP)",GALP PL,30-May-11,Not explained,Big4 to Big4,Energy,17774,0.145,-0.066,-0.135,-0.3,-0.099,-0.018,-0.167,-0.127,-0.102,0.174,0.163,0.101,-0.008,-0.198,-0.273
L'Air Liquide S.A. (ENXTPA:AI),AI FP,12-May-16,Not explained,Big4 to Big4,Basic Materials,38625,0.01,0.052,0.057,0.272,0.354,0.006,0.05,0.027,0.228,0.259,0.005,0.002,0.029,0.044,0.095
Airbus SE (ENXTPA:AIR),AIR FP,12-Jul-16,Not explained,Big4 to Big4,Industrial,51618,-0.003,0.005,0.239,0.457,1.087,0.032,0.011,0.087,0.183,0.221,-0.035,-0.006,0.152,0.275,0.866
Argan SA (ENXTPA:ARG),AIR FP,24-Jun-16,Not explained,Non-Big4 to non-Big4,Industrial,51618,-0.014,0.033,0.207,0.481,1.001,0.058,0.077,0.128,0.244,0.277,-0.072,-0.045,0.079,0.237,0.724
Dassault Systèmes SE (ENXTPA:DSY),DSY FP,27-May-10,Not explained,Big4 to Big4,Technology,7005,0.085,0.022,0.151,0.266,0.609,0.017,0.033,0.101,0.18,0.066,0.067,-0.011,0.05,0.086,0.543
Devoteam SA (ENXTPA:DVT),DVT FP,19-May-11,Not explained,Big4 to Big4,"Consumer, Non-cyclical",263,-0.023,-0.182,-0.432,-0.452,-0.493,-0.041,-0.195,-0.158,-0.112,0.19,0.018,0.013,-0.274,-0.34,-0.683
Wendel (ENXTPA:MF),MF FP,16-May-19,Not explained,Big4 to Big4,Financial,5428,-0.028,0.006,0.017,,,-0.005,-0.025,0.076,,,-0.023,0.031,-0.059,,
Compagnie Générale des Établissements Michelin (ENXTPA:ML),ML FP,07-May-10,Not explained,Big4 to Big4,"Consumer, Cyclical",11321,0.091,0.275,0.16,0.388,0.178,0.03,0.102,0.163,0.226,0.154,0.06,0.173,-0.002,0.162,0.024
Imerys S.A. (ENXTPA:NK),NK FP,29-Apr-10,Previous reappointed,Big4 to Big4,Industrial,4539,-0.099,-0.052,-0.086,0.115,-0.052,-0.057,-0.006,0.036,0.123,0.066,-0.042,-0.046,-0.122,-0.008,-0.118
STMicroelectronics N.V. (ENXTPA:STM),STM FP,27-May-15,Previous reappointed,Big4 to Big4,Technology,8148,0.031,-0.132,-0.07,-0.24,1.117,-0.027,-0.108,-0.052,-0.114,0.024,0.058,-0.023,-0.018,-0.125,1.093
Vivendi SA (ENXTPA:VIV),VIV FP,25-Apr-17,Not explained,Big4 to Big4,Communications,23984,0.053,0.095,0.122,0.184,0.458,0.023,-0.003,0.018,0.016,0.079,0.031,0.098,0.104,0.169,0.379
Vivendi SA (ENXTPA:VIV),VIV FP,21-Apr-11,Not explained,Big4 to Big4,Communications,33406,0.016,-0.071,-0.156,-0.319,-0.052,0.007,-0.02,-0.13,-0.046,0.098,0.009,-0.051,-0.026,-0.273,-0.15
Ahlstrom-Munksjö Oyj (HLSE:AM1),AM1 FH,03-Apr-14,Not explained,Big4 to Big4,Basic Materials,#N/A N/A,-0.015,0.19,0.231,1.021,0.692,0.008,0.051,0.015,0.218,0.053,-0.023,0.139,0.217,0.802,0.64
Caverion Oyj (HLSE:CAV1V),CAV1V FH,26-Mar-18,Not explained,Big4 to Big4,"Consumer, Non-cyclical",886,0.172,-0.02,0.121,-0.127,,0.064,0.058,0.085,0.075,,0.108,-0.077,0.037,-0.202,
Cramo Oyj (HLSE:CRA1V),CRA1V FH,13-Apr-10,Not explained,Big4 to Big4,"Consumer, Non-cyclical",521,-0.081,-0.153,0.022,0.345,-0.211,-0.032,-0.03,0.013,0.072,0.014,-0.049,-0.123,0.009,0.273,-0.226
Elisa Oyj (HLSE:ELISA),ELISA FH,18-Mar-10,Not explained,Non-Big4 to Big4,Communications,3559,-0.031,-0.058,0.006,0.052,0.257,0.028,-0.003,0.03,0.06,0.12,-0.059,-0.055,-0.024,-0.007,0.137
Kemira Oyj (HLSE:KEMIRA),KEMIRA FH,21-Mar-12,Not explained,Big4 to Big4,Basic Materials,1809,-0.022,-0.063,0.078,0.125,0.155,-0.036,-0.055,0.055,0.14,0.312,0.014,-0.008,0.024,-0.015,-0.158
Lassila & Tikanoja Oyj (HLSE:LAT1V),LAT1V FH,15-Mar-12,Not explained,Big4 to Big4,Industrial,574,-0.029,-0.228,-0.02,0.177,0.414,-0.062,-0.079,0.047,0.14,0.278,0.033,-0.149,-0.067,0.037,0.136
Lassila & Tikanoja Oyj (HLSE:LAT1V),LAT1V FH,27-Jul-10,Not explained,Big4 to Big4,Industrial,626,0.006,0.031,0.041,-0.084,-0.171,-0.024,0.031,0.106,0.071,0.085,0.03,0,-0.065,-0.155,-0.256
Metsä Board Oyj (HLSE:METSB),METSB FH,23-Mar-11,Not explained,Big4 to Big4,Industrial,1129,0.112,-0.042,-0.486,-0.259,-0.178,0.032,-0.013,-0.188,0.011,0.163,0.08,-0.029,-0.298,-0.269,-0.341
Metso Corporation (HLSE:METSO),METSO FH,29-Mar-12,Tender,Big4 to Big4,Industrial,5556,0.057,-0.143,-0.121,0.049,0.062,0,-0.016,0.058,0.171,0.376,0.056,-0.128,-0.179,-0.122,-0.314
Neste Oyj (HLSE:NESTE),NESTE FH,04-Apr-14,Not explained,Big4 to Big4,Energy,5072,-0.038,-0.081,0.032,0.58,0.97,0.002,0.043,0.009,0.211,0.051,-0.04,-0.123,0.023,0.369,0.919
Nokia Corporation (HLSE:NOKIA),NOKIA FH,21-May-19,Tender,Big4 to Big4,Communications,31876,0.006,0.037,,,,0.018,-0.001,,,,-0.012,0.039,,,
Olvi Oyj (HLSE:OLVAS),OLVAS FH,11-Apr-13,Not explained,Big4 to Big4,"Consumer, Non-cyclical",538,0.082,0.215,0.221,0.189,0.176,0.044,0.023,0.079,0.153,0.495,0.038,0.193,0.141,0.037,-0.319
Orion Oyj (HLSE:ORNBV),ORNBV FH,20-Mar-18,Not explained,Big4 to Big4,"Consumer, Non-cyclical",5253,-0.014,-0.104,0.215,0.34,,0.023,0.043,0.043,0.05,,-0.036,-0.147,0.173,0.29,
Outotec Oyj (HLSE:OTE1V),OTE1V FH,23-Mar-12,Not explained,Big4 to Big4,Industrial,2150,-0.049,-0.111,-0.006,0.203,-0.212,-0.047,-0.051,0.066,0.151,0.327,-0.002,-0.06,-0.072,0.052,-0.538
Outokumpu Oyj (HLSE:OUT1V),OUT1V FH,21-Mar-17,Tender,Big4 to Big4,Basic Materials,3712,-0.013,-0.25,-0.084,-0.299,-0.59,0.012,0.053,0.042,0.031,0.084,-0.024,-0.303,-0.126,-0.33,-0.674
Ponsse Oyj (HLSE:PON1V),PON1V FH,12-Apr-11,Not explained,Big4 to Big4,Industrial,401,-0.032,-0.117,-0.383,-0.292,-0.401,0.031,-0.011,-0.113,-0.032,0.144,-0.062,-0.106,-0.27,-0.26,-0.545
Ramirent Oyj (HLSE:RAMI),RAMI FH,07-Apr-11,Tender,Big4 to Big4,"Consumer, Non-cyclical",1431,-0.008,-0.171,-0.561,-0.388,-0.279,0.011,0.002,-0.154,-0.041,0.104,-0.019,-0.172,-0.407,-0.347,-0.383
Stora Enso Oyj (HLSE:STERV),STERV FH,28-Mar-18,Not explained,Big4 to Big4,Basic Materials,12534,0.126,0.142,0.129,-0.245,,0.049,0.039,0.061,0.057,,0.077,0.103,0.068,-0.302,
Tieto Oyj (HLSE:TIETO),TIETO FH,29-Nov-18,Resignation,Big4 to Big4,Technology,2284,-0.082,0.012,0.005,,,-0.06,0.046,0.062,,,-0.023,-0.035,-0.057,,
Wärtsilä Oyj Abp (HLSE:WRT1V),WRT1V FH,07-Mar-17,Not explained,Big4 to Big4,Industrial,8879,0.079,0.116,0.206,0.206,-0.087,0.029,0.065,0.031,0.034,0.075,0.05,0.051,0.175,0.172,-0.162
Wärtsilä Oyj Abp (HLSE:WRT1V),WRT1V FH,21-Jul-10,Not explained,Big4 to Big4,Industrial,4529,0.049,0.302,0.312,0.11,0.4,0.014,0.078,0.138,0.123,0.116,0.035,0.224,0.174,-0.014,0.284
AIB Group plc (ISE:AIBG),AIBG ID,20-Jun-13,Tender,Big4 to Big4,Financial,34122,-0.154,0.385,0.785,0.631,0.354,0.059,0.113,0.142,0.267,0.448,-0.212,0.272,0.642,0.363,-0.094
Bank Of Ireland Group plc (ISE:BIRG),BIRG ID,26-May-17,Tender,Big4 to Big4,Financial,7981,-0.086,-0.048,-0.135,0.027,-0.312,-0.003,-0.038,-0.002,0.032,0.029,-0.083,-0.01,-0.133,-0.005,-0.341
Glanbia plc (ISE:GL9),GLB ID,27-Apr-16,Tender,Big4 to Big4,"Consumer, Non-cyclical",5451,-0.027,0,-0.127,0.063,-0.173,0.014,-0.002,0,0.153,0.182,-0.042,0.002,-0.127,-0.09,-0.355
Permanent TSB Group Holdings plc (ISE:IL0A),IL0A ID,23-May-13,Tender,Big4 to Big4,Financial,1041,-0.143,0.143,0.2,1.657,0.236,-0.075,0.01,0.074,0.161,0.43,-0.068,0.133,0.126,1.496,-0.193
Irish Residential Properties REIT Plc (ISE:IRES),IRES ID,29-May-18,Tender,Big4 to Big4,Financial,753,0.007,0.101,0.063,0.204,,-0.008,0.012,-0.058,0,,0.016,0.089,0.121,0.204,
Irish Residential Properties REIT Plc (ISE:IRES),IRES ID,13-Nov-17,Tender,Big4 to Big4,Financial,648,0.012,-0.028,-0.02,0.028,0.251,0.013,-0.037,0.037,-0.024,0.128,-0.002,0.009,-0.057,0.053,0.123
888 Holdings plc (LSE:888),888 LN,13-May-15,Not explained,Non-Big4 to Big4,"Consumer, Cyclical",765,-0.021,-0.002,-0.004,0.367,1.018,-0.01,-0.013,-0.054,-0.124,0.07,-0.011,0.012,0.049,0.491,0.948
888 Holdings plc (LSE:888),888 LN,11-Jul-14,Not explained,Non-Big4 to Big4,"Consumer, Cyclical",1006,0.056,0.115,0.132,0.404,0.97,-0.021,-0.041,0.011,0.19,0.055,0.077,0.157,0.121,0.214,0.914
Amedeo Air Four Plus Limited (LSE:AA4),AA4 LN,24-Oct-18,Resignation,Big4 to Big4,Industrial,964,0.005,0.024,-0.028,-0.196,,0.004,0.011,0.125,0.167,,0.001,0.013,-0.153,-0.363,
Amedeo Air Four Plus Limited (LSE:AA4),AA4 LN,08-Jul-16,Not explained,Big4 to Big4,Industrial,#N/A N/A,0.02,0.081,0.082,0.12,0.239,0.044,0.042,0.126,0.2,0.247,-0.024,0.039,-0.044,-0.08,-0.008
Anglo American plc (LSE:AAL),AAL LN,02-May-19,Tender,Big4 to Big4,Basic Materials,28220,-0.021,-0.027,0.088,,,-0.042,-0.015,0.046,,,0.021,-0.011,0.042,,
Admiral Group plc (LSE:ADM),ADM LN,28-Apr-16,Tender,Big4 to Big4,Financial,6883,0.079,0.182,0.085,0.149,0.205,0.012,-0.014,-0.005,0.148,0.179,0.067,0.196,0.09,0.001,0.026
Aggreko Plc (LSE:AGK),AGK LN,28-Apr-16,Tender,Big4 to Big4,"Consumer, Non-cyclical",3442,0.018,0.141,-0.272,-0.18,-0.298,0.012,-0.014,-0.005,0.148,0.179,0.006,0.155,-0.267,-0.328,-0.477
Assura Plc (LSE:AGR),AGR LN,13-Feb-12,Tender,Big4 to Big4,Financial,#N/A N/A,0.04,-0.047,0.014,0.112,0.381,0.029,-0.023,0.053,0.14,0.355,0.011,-0.024,-0.039,-0.027,0.026
AJ Bell plc (LSE:AJB),AJB LN,25-Jun-19,Previous not seeking reapp.,Big4 to non-Big4,Financial,#N/A N/A,0.124,0.036,,,,0.017,0.016,,,,0.107,0.02,,,
Aston Martin Lagonda Global Holdings plc (LSE:AML),AML LN,06-Mar-19,Not explained,Big4 to Big4,"Consumer, Cyclical",3152,-0.08,-0.084,-0.514,,,0.04,0.017,0.06,,,-0.119,-0.102,-0.574,,
Antofagasta plc (LSE:ANTO),ANTO LN,20-May-15,Tender,Big4 to Big4,Basic Materials,11559,-0.085,-0.266,-0.346,-0.447,0.062,-0.048,-0.075,-0.05,-0.139,0.03,-0.037,-0.192,-0.296,-0.308,0.032
Arrow Global Group PLC (LSE:ARW),ARW LN,02-Jul-14,Previous reappointed,Big4 to Big4,Financial,658,0.041,0.114,-0.022,0.16,-0.099,-0.039,-0.035,-0.004,0.15,0.027,0.08,0.149,-0.018,0.01,-0.126
Auto Trader Group plc (LSE:AUTO),AUTO LN,22-Sep-16,Tender,Big4 to Big4,Communications,5515,-0.074,-0.033,-0.058,-0.057,0.169,-0.009,0.039,0.087,0.138,0.18,-0.065,-0.072,-0.144,-0.195,-0.011
Aviva plc (LSE:AV.),AV/ LN,28-Jun-11,Tender,Big4 to Big4,Financial,17228,-0.047,-0.258,-0.277,-0.331,-0.081,0.008,-0.138,-0.084,-0.039,0.159,-0.055,-0.12,-0.193,-0.291,-0.24
Avon Rubber p.l.c. (LSE:AVON),AVON LN,01-Feb-19,Not explained,Big4 to Big4,Industrial,522,0.025,0.197,0.167,,,0.043,0.102,0.107,,,-0.018,0.094,0.059,,
AstraZeneca PLC (LSE:AZN),AZN LN,27-Apr-17,Tender,Big4 to Big4,"Consumer, Non-cyclical",78002,0.113,-0.079,0.086,0.13,0.334,0.018,-0.002,0.032,0.026,0.079,0.095,-0.077,0.054,0.105,0.255
BAE Systems plc (LSE:BA.),BA/ LN,10-May-18,Tender,Big4 to Big4,Industrial,24687,0.047,0.011,-0.131,-0.209,,-0.012,-0.006,-0.054,-0.003,,0.059,0.017,-0.077,-0.205,
Bakkavor Group plc (LSE:BAKK),BAKK LN,23-May-19,Tender,Big4 to Big4,"Consumer, Non-cyclical",973,-0.046,-0.132,,,,0.033,0.001,,,,-0.078,-0.134,,,
Barclays PLC (LSE:BARC),BARC LN,10-May-17,Not explained,Big4 to Big4,Financial,47938,-0.016,-0.02,-0.143,0.033,-0.21,-0.008,-0.041,-0.005,0.023,0.02,-0.008,0.021,-0.137,0.01,-0.23
Barclays PLC (LSE:BARC),BARC LN,22-Mar-17,Tender,Big4 to Big4,Financial,46792,-0.074,-0.127,-0.143,-0.065,-0.271,0.016,0.057,0.048,0.019,0.075,-0.09,-0.185,-0.19,-0.084,-0.346
British American Tobacco p.l.c. (LSE:BATS),BATS LN,29-Apr-15,Tender,Big4 to Big4,"Consumer, Non-cyclical",101653,0.005,0.026,0.099,0.209,0.562,0.015,0.003,-0.039,-0.111,0.043,-0.01,0.023,0.138,0.319,0.52
British American Tobacco p.l.c. (LSE:BATS),BATS LN,24-Mar-15,Resignation,Big4 to Big4,"Consumer, Non-cyclical",101653,0.023,-0.02,-0.022,0.134,0.548,0.02,0.003,-0.139,-0.14,0,0.002,-0.023,0.117,0.274,0.549
British American Tobacco p.l.c. (LSE:BATS),BATS LN,02-Mar-15,Resignation,Big4 to Big4,"Consumer, Non-cyclical",101653,-0.022,-0.041,-0.059,0.1,0.482,0.022,0.032,-0.074,-0.1,0.028,-0.044,-0.073,0.015,0.2,0.454
Balfour Beatty plc (LSE:BBY),BBY LN,25-Apr-16,Previous not seeking reapp.,Big4 to Big4,Industrial,2747,0.067,-0.031,0.196,0.244,0.272,0.016,-0.002,0.01,0.156,0.174,0.051,-0.03,0.186,0.089,0.098
BMO Commercial Property Trust Limited (LSE:BCPT),BCPT LN,20-Jun-16,Tender,Big4 to Big4,Financial,#N/A N/A,0.034,0.071,0.156,0.272,0.391,0.01,0.014,0.079,0.191,0.216,0.024,0.057,0.077,0.081,0.175
Beazley plc (LSE:BEZ),BEZ LN,07-Jun-19,Resignation,Big4 to Big4,Financial,3357,0.001,0.043,,,,0.036,0.032,,,,-0.035,0.011,,,
Beazley plc (LSE:BEZ),BEZ LN,21-Mar-19,Resignation,Big4 to Big4,Financial,3357,0.083,0.054,0.174,,,0.031,0.031,0.059,,,0.051,0.023,0.115,,
Beazley plc (LSE:BEZ),BEZ LN,20-Jul-18,Resignation,Big4 to Big4,Financial,4077,0.082,-0.017,-0.026,0.022,,-0.003,-0.058,-0.066,0.042,,0.086,0.041,0.04,-0.019,
The Berkeley Group Holdings plc (LSE:BKG),BKG LN,06-Dec-13,Resignation,Big4 to Big4,"Consumer, Cyclical",4931,0.107,0.108,-0.029,0.1,0.625,0.034,0.071,0.122,0.145,0.247,0.073,0.037,-0.151,-0.045,0.378
British Land Company Plc (LSE:BLND),BLND LN,18-Jul-14,Resignation,Big4 to Big4,Financial,#N/A N/A,0.009,-0.034,0.135,0.222,-0.057,-0.016,-0.058,0.046,0.232,0.065,0.025,0.024,0.089,-0.01,-0.123
British Land Company Plc (LSE:BLND),BLND LN,28-Jan-14,Resignation,Big4 to Big4,Financial,#N/A N/A,0.033,0.032,0.086,0.289,0.151,0.045,0.042,0.078,0.176,0.1,-0.012,-0.01,0.008,0.113,0.05
B&M European Value Retail S.A. (LSE:BME),BME LN,02-Aug-16,Tender,Big4 to Big4,"Consumer, Cyclical",3692,0.091,-0.082,0.198,0.489,0.703,0.048,-0.007,0.088,0.166,0.231,0.043,-0.075,0.11,0.323,0.471
B&M European Value Retail S.A. (LSE:BME),BME LN,24-Nov-15,Tender,Big4 to Big4,"Consumer, Cyclical",4849,-0.076,-0.076,-0.067,-0.132,0.374,-0.024,-0.144,-0.062,-0.057,0.102,-0.052,0.068,-0.005,-0.075,0.272
Bunzl plc (LSE:BNZL),BNZL LN,20-May-14,Tender,Big4 to Big4,"Consumer, Cyclical",8011,-0.014,-0.024,0.061,0.145,0.26,0.032,-0.002,0.011,0.239,0.066,-0.047,-0.022,0.05,-0.094,0.194
BP p.l.c. (LSE:BP.),BP/ LN,21-May-18,Not explained,Big4 to Big4,Energy,133974,-0.056,-0.056,-0.078,0.002,,-0.034,-0.022,-0.093,-0.006,,-0.023,-0.035,0.014,0.007,
BlackRock Smaller Companies Trust plc (LSE:BRSC),BRSC LN,15-Jan-16,Not explained,Big4 to Big4,Financial,#N/A N/A,-0.104,-0.043,-0.131,0.082,0.499,-0.023,0.051,0.053,0.149,0.291,-0.08,-0.094,-0.184,-0.067,0.208
Brewin Dolphin Holdings PLC (LSE:BRW),BRW LN,05-Aug-19,Tender,Big4 to Big4,Financial,1150,0.053,0.149,,,,0.048,0.1,,,,0.005,0.048,,,
BlackRock World Mining Trust plc (LSE:BRWM),BRWM LN,28-Apr-16,Tender,Big4 to Big4,Financial,#N/A N/A,-0.08,0.18,0.338,0.41,0.656,0.012,-0.014,-0.005,0.148,0.179,-0.091,0.194,0.343,0.262,0.477
BT Group plc (LSE:BT.A),BT/A LN,13-Nov-18,Resignation,Big4 to Big4,Communications,29154,-0.003,-0.073,-0.17,-0.156,,-0.04,0.005,0.045,0.156,,0.036,-0.078,-0.215,-0.311,
Bovis Homes Group PLC (LSE:BVS),BVS LN,15-May-15,Previous not seeking reapp.,Big4 to Big4,"Consumer, Cyclical",1850,0.067,0.148,-0.086,-0.115,-0.047,-0.03,-0.018,-0.057,-0.127,0.068,0.097,0.166,-0.03,0.012,-0.116
Big Yellow Group Plc (LSE:BYG),BYG LN,20-Jul-17,Tender,Big4 to Big4,Financial,1436,-0.037,0.015,0.089,0.283,0.376,-0.023,0.02,0.052,0.038,0.081,-0.014,-0.006,0.037,0.246,0.295
Close Brothers Group plc (LSE:CBG),CBG LN,16-Nov-17,Not explained,Big4 to Big4,Financial,3083,0.032,0.126,0.153,0.074,0.141,0.009,-0.008,0.042,-0.039,0.132,0.022,0.134,0.111,0.113,0.009
Close Brothers Group plc (LSE:CBG),CBG LN,19-May-17,Not explained,Big4 to Big4,Financial,2733,-0.036,-0.052,-0.107,0.028,0.021,0.005,-0.036,-0.008,0.041,0.043,-0.042,-0.016,-0.099,-0.014,-0.022
Computacenter plc (LSE:CCC),CCC LN,19-May-15,Tender,Big4 to Big4,Technology,1270,-0.045,0.05,0.065,0.168,0.156,-0.044,-0.051,-0.048,-0.146,0.035,-0.001,0.101,0.113,0.314,0.121
Chemring Group PLC (LSE:CHG),CHG LN,23-Mar-18,Tender,Big4 to Big4,Industrial,645,0.036,0.066,0.057,-0.317,,0.053,0.072,0.074,0.064,,-0.016,-0.006,-0.017,-0.381,
Cineworld Group plc (LSE:CINE),CINE LN,19-Jun-19,Resignation,Big4 to Big4,"Consumer, Cyclical",4600,-0.067,-0.083,,,,0.008,0.024,,,,-0.075,-0.107,,,
Caledonia Investments plc (LSE:CLDN),CLDN LN,04-Nov-11,Resignation,Big4 to Big4,Financial,#N/A N/A,-0.058,-0.022,-0.107,0.027,0.327,0.007,0.109,0.078,0.193,0.448,-0.065,-0.132,-0.185,-0.166,-0.121
Centrica plc (LSE:CNA),CNA LN,09-May-17,Tender,Big4 to Big4,Utilities,15836,0.037,0.028,-0.105,-0.172,-0.408,-0.006,-0.031,0,0.025,0.018,0.044,0.059,-0.105,-0.197,-0.426
Centrica plc (LSE:CNA),CNA LN,16-Nov-16,Tender,Big4 to Big4,Utilities,16233,0.155,0.179,0.009,-0.114,-0.159,0.065,0.097,0.193,0.175,0.129,0.09,0.082,-0.184,-0.289,-0.288
Capita plc (LSE:CPI),CPI LN,25-Aug-10,Tender,Big4 to Big4,"Consumer, Non-cyclical",6974,0.111,-0.031,0.059,0.008,0.093,0.068,0.087,0.158,-0.05,0.167,0.043,-0.117,-0.099,0.058,-0.074
Croda International Plc (LSE:CRDA),CRDA LN,26-Apr-18,Tender,Big4 to Big4,Basic Materials,8084,0.056,0.121,0.041,0.157,,0.027,0.03,-0.066,0.055,,0.029,0.091,0.107,0.103,
Croda International Plc (LSE:CRDA),CRDA LN,17-Oct-17,Tender,Big4 to Big4,Basic Materials,6640,0.102,0.144,0.2,0.217,0.268,-0.015,0.023,-0.011,-0.037,0.08,0.117,0.121,0.211,0.255,0.188
Civitas Social Housing PLC (LSE:CSH),CSH LN,17-May-17,Previous reappointed,Big4 to Big4,Financial,#N/A N/A,-0.031,-0.015,-0.018,-0.062,-0.175,-0.002,-0.028,-0.007,0.045,0.045,-0.029,0.013,-0.011,-0.108,-0.219
Cranswick plc (LSE:CWK),CWK LN,18-Aug-17,Resignation,Big4 to Big4,"Consumer, Non-cyclical",1620,0.014,0.016,0.04,0.146,-0.092,0.021,0.029,0.024,0.052,0.059,-0.008,-0.013,0.016,0.094,-0.151
Diageo plc (LSE:DGE),DGE LN,13-Nov-14,Not explained,Big4 to Big4,"Consumer, Non-cyclical",87887,-0.034,-0.026,-0.06,0.01,0.115,-0.015,0.127,0.199,0.135,0.074,-0.019,-0.153,-0.259,-0.125,0.041
Dunedin Income Growth Investment Trust PLC (LSE:DIG),DIG LN,31-Mar-17,Tender,Big4 to Big4,Financial,#N/A N/A,0.008,0.048,0.031,0.003,0.118,0.021,0.012,0.04,0.004,0.063,-0.013,0.036,-0.008,-0.001,0.055
Derwent London Plc (LSE:DLN),DLN LN,16-May-14,Tender,Non-Big4 to Big4,Financial,#N/A N/A,-0.038,0.046,0.1,0.353,0.246,0.023,-0.02,0.002,0.206,0.054,-0.061,0.066,0.098,0.147,0.192
Daily Mail and General Trust plc (LSE:DMGT),DMGT LN,08-Dec-14,Tender,Big4 to Big4,Communications,4627,-0.013,0.036,0.142,-0.157,0.015,-0.017,0.137,0.13,0.082,0.079,0.004,-0.101,0.012,-0.24,-0.065
Dunelm Group plc (LSE:DNLM),DNLM LN,31-Jan-14,Resignation,Big4 to Big4,"Consumer, Cyclical",2917,0.078,0.021,-0.094,-0.025,0.074,0.05,0.06,0.066,0.175,0.13,0.027,-0.039,-0.16,-0.2,-0.056
Domino's Pizza Group plc (LSE:DOM),DOM LN,08-Dec-17,Not explained,Big4 to Big4,"Consumer, Cyclical",1768,0.087,0.021,0.226,-0.17,,0.024,-0.028,0.014,-0.082,,0.063,0.048,0.212,-0.087,
discoverIE Group plc (LSE:DSCV),DSCV LN,13-Sep-17,Resignation,Big4 to Big4,Industrial,199,0.029,0.149,0.288,0.229,0.534,0.028,0.028,-0.007,0.021,0.102,0.001,0.121,0.295,0.208,0.432
Electrocomponents plc (LSE:ECM),ECM LN,07-Feb-14,Tender,Big4 to Big4,Industrial,1960,0.036,0.142,-0.066,-0.138,-0.089,0.028,0.048,0.03,0.186,0.068,0.008,0.093,-0.096,-0.324,-0.157
The Edinburgh Investment Trust plc (LSE:EDIN),EDIN LN,25-Jul-19,Not explained,Big4 to Big4,Financial,#N/A N/A,-0.084,0.012,,,,-0.044,0.027,,,,-0.04,-0.016,,,
Man Group plc (LSE:EMG),EMG LN,09-May-14,Tender,Big4 to Big4,Financial,2568,0.053,0.125,0.353,0.894,0.451,0.036,-0.031,0.004,0.219,0.051,0.017,0.156,0.349,0.674,0.401
Experian plc (LSE:EXPN),EXPN LN,20-Jul-16,Resignation,Big4 to Big4,"Consumer, Non-cyclical",16953,0.024,0.08,0.054,0.067,0.368,0.001,0.015,0.073,0.164,0.208,0.023,0.065,-0.019,-0.097,0.159
Experian plc (LSE:EXPN),EXPN LN,11-Sep-15,Resignation,Big4 to Big4,"Consumer, Non-cyclical",16145,0.058,0.105,0.162,0.481,0.517,0.021,0.004,-0.028,0.006,0.142,0.037,0.101,0.19,0.475,0.375
X5 Retail Group N.V. (LSE:FIVE),FIVE LI,13-Nov-15,Tender,Big4 to Big4,"Consumer, Non-cyclical",4724,-0.069,-0.214,-0.047,0.356,1.006,-0.036,-0.152,-0.074,-0.054,0.118,-0.033,-0.062,0.027,0.41,0.888
Fidelity Investment Trust - Fidelity Special Values PLC (LSE:FSV),FSV LN,16-Dec-15,Not explained,Non-Big4 to Big4,Financial,#N/A N/A,-0.063,-0.039,-0.08,0.143,0.296,-0.084,-0.048,-0.085,0.035,0.153,0.021,0.008,0.004,0.108,0.143
Ferrexpo Plc (LSE:FXPO),FXPO LN,03-Jul-19,Not explained,Big4 to Big4,Basic Materials,1460,-0.124,-0.427,,,,-0.036,-0.033,,,,-0.088,-0.394,,,
Ferrexpo Plc (LSE:FXPO),FXPO LN,26-Apr-19,Resignation,Non-Big4 to non-Big4,Basic Materials,1460,0.178,0.393,-0.259,,,-0.029,0.014,0.038,,,0.208,0.379,-0.297,,
Ferrexpo Plc (LSE:FXPO),FXPO LN,25-May-17,Not explained,Big4 to Big4,Basic Materials,977,0.059,0.671,0.521,0.353,0.422,-0.008,-0.04,-0.004,0.03,0.027,0.068,0.711,0.525,0.323,0.395
Ferrexpo Plc (LSE:FXPO),FXPO LN,12-Dec-16,Not explained,Big4 to Big4,Basic Materials,254,-0.089,-0.009,0.331,0.841,0.452,0.026,0.06,0.12,0.144,0.057,-0.115,-0.069,0.212,0.697,0.396
GCP Infrastructure Investments Limited (LSE:GCP),GCP LN,12-Feb-16,Not explained,Big4 to Big4,Financial,#N/A N/A,0.015,0.04,0.136,0.147,0.159,0.1,0.086,0.14,0.218,0.277,-0.085,-0.046,-0.004,-0.071,-0.118
GCP Infrastructure Investments Limited (LSE:GCP),GCP LN,11-Feb-13,Tender,Big4 to Big4,Financial,#N/A N/A,0.022,0.006,0.046,0.087,0.264,0.037,0.086,0.099,0.193,0.391,-0.016,-0.081,-0.053,-0.107,-0.127
G4S plc (LSE:GFS),GFS LN,04-Jun-15,Tender,Big4 to Big4,"Consumer, Non-cyclical",6718,-0.09,-0.164,-0.196,-0.347,0.208,-0.022,-0.096,-0.047,-0.1,0.07,-0.068,-0.068,-0.149,-0.247,0.138
Grafton Group plc (LSE:GFTU),GFTU LN,12-Oct-15,Not explained,Big4 to Big4,"Consumer, Cyclical",2851,-0.044,0.062,0.067,-0.26,0.272,0.032,-0.048,-0.062,-0.03,0.155,-0.075,0.11,0.129,-0.23,0.117
The Go-Ahead Group plc (LSE:GOG),GOG LN,22-Oct-15,Tender,Big4 to Big4,Industrial,1991,0.062,-0.004,0.073,-0.144,-0.26,0.034,-0.082,-0.044,-0.036,0.129,0.029,0.079,0.117,-0.108,-0.389
GlaxoSmithKline plc (LSE:GSK),GSK LN,03-May-18,Tender,Big4 to Big4,"Consumer, Non-cyclical",96115,0.062,0.083,0.044,0.125,,0.014,0.023,-0.038,0.051,,0.048,0.06,0.083,0.074,
Genesis Emerging Markets Fund (LSE:GSS),GSS LN,28-Jun-17,Not explained,Big4 to Big4,Financial,#N/A N/A,0.035,0.015,0.108,0.069,0.2,-0.019,0.006,0.018,0.01,0.069,0.054,0.009,0.09,0.059,0.131
Hays plc (LSE:HAS),HAS LN,09-Nov-16,Tender,Big4 to Big4,"Consumer, Non-cyclical",1897,0.037,0.102,0.27,0.367,0.265,0.048,0.083,0.186,0.186,0.15,-0.011,0.019,0.084,0.181,0.116
Hays plc (LSE:HAS),HAS LN,19-May-16,Tender,Big4 to Big4,"Consumer, Non-cyclical",3078,-0.026,-0.009,0.099,0.331,0.549,-0.02,0.027,0.029,0.212,0.262,-0.006,-0.037,0.07,0.119,0.286
Henderson Far East Income Limited (LSE:HFEL),HFEL LN,13-Feb-13,Tender,Big4 to Big4,Financial,#N/A N/A,0.044,0.076,-0.04,-0.094,0.068,0.028,0.074,0.095,0.189,0.397,0.017,0.002,-0.135,-0.283,-0.329
HgCapital Trust plc (LSE:HGT),HGT LN,10-May-17,Not explained,Non-Big4 to non-Big4,Financial,#N/A N/A,0.014,0.113,0.19,0.298,0.48,-0.008,-0.041,-0.005,0.023,0.02,0.022,0.153,0.196,0.275,0.46
Hargreaves Lansdown plc (LSE:HL.),HL/ LN,30-Jul-13,Tender,Big4 to Big4,Financial,5246,0.034,0.25,0.603,0.118,0.297,-0.004,0.076,0.089,0.174,0.409,0.038,0.174,0.514,-0.057,-0.112
Helical plc (LSE:HLCL),HLCL LN,12-Jul-18,Tender,Non-Big4 to Big4,Financial,538,-0.023,-0.079,-0.036,0.14,,0.006,-0.061,-0.084,0.044,,-0.029,-0.018,0.047,0.096,
Helical plc (LSE:HLCL),HLCL LN,23-Mar-18,Tender,Non-Big4 to Big4,Financial,477,0.104,0.101,0.046,0.063,,0.053,0.072,0.074,0.064,,0.051,0.029,-0.028,-0.001,
Hammerson plc (LSE:HMSO),HMSO LN,25-Apr-17,Tender,Big4 to Big4,Financial,5611,-0.037,-0.028,-0.131,-0.057,-0.388,0.023,-0.003,0.018,0.016,0.079,-0.06,-0.025,-0.149,-0.073,-0.467
Hammerson plc (LSE:HMSO),HMSO LN,12-Oct-16,Tender,Big4 to Big4,Financial,5653,-0.003,0.026,0.09,0.01,-0.136,-0.001,0.075,0.144,0.191,0.133,-0.001,-0.049,-0.054,-0.182,-0.269
Herald Investment Trust PLC (LSE:HRI),HRI LN,04-Nov-19,Tender,Big4 to Big4,Financial,#N/A N/A,,,,,,,,,,,,,,,
HSBC Holdings plc (LSE:HSBA),HSBA LN,25-Apr-15,Not explained,Big4 to Big4,Financial,#N/A N/A,-0.004,-0.086,-0.149,-0.22,0.168,0.003,-0.023,-0.061,-0.124,0.013,-0.008,-0.064,-0.088,-0.096,0.155
HSBC Holdings plc (LSE:HSBA),HSBA LN,18-Mar-15,Not explained,Big4 to Big4,Financial,#N/A N/A,0.036,0.025,-0.134,-0.172,0.302,0.017,-0.02,-0.091,-0.114,0.015,0.019,0.045,-0.044,-0.057,0.287
HSBC Holdings plc (LSE:HSBA),HSBA LN,02-Aug-13,Not explained,Big4 to Big4,Financial,198087,-0.081,-0.072,-0.154,-0.126,-0.152,-0.001,0.062,0.07,0.127,0.388,-0.08,-0.134,-0.223,-0.253,-0.539
The Henderson Smaller Companies Investment Trust plc (LSE:HSL),HSL LN,17-Apr-18,Tender,Big4 to Big4,Financial,#N/A N/A,0.108,0.094,-0.021,0.04,,0.048,0.026,-0.026,0.06,,0.06,0.068,0.006,-0.02,
Ibstock plc (LSE:IBST),IBST LN,24-May-17,Tender,Big4 to Big4,Industrial,934,0.054,-0.002,0.03,0.201,0.119,-0.009,-0.039,-0.004,0.028,0.027,0.063,0.036,0.034,0.173,0.093
Ibstock plc (LSE:IBST),IBST LN,16-Dec-16,Tender,Big4 to Big4,Industrial,804,-0.009,0.189,0.468,0.399,0.238,0.009,0.056,0.106,0.114,0.03,-0.018,0.134,0.362,0.285,0.208
IG Group Holdings plc (LSE:IGG),IGG LN,17-Dec-10,Resignation,Big4 to Big4,Financial,1994,0.009,-0.064,-0.154,-0.053,-0.039,0.028,-0.028,-0.009,-0.123,0.09,-0.02,-0.036,-0.145,0.07,-0.129
3i Group plc (LSE:III),III LN,31-Jul-18,Previous reappointed,Big4 to Big4,Financial,11622,-0.054,-0.073,-0.086,0.22,,-0.021,-0.072,-0.076,0.022,,-0.033,-0.001,-0.011,0.198,
Imperial Brands PLC (LSE:IMB),IMB LN,01-Mar-19,Previous not seeking reapp.,Big4 to Big4,"Consumer, Non-cyclical",33223,0.032,-0.232,-0.135,,,0.03,0.008,0.043,,,0.002,-0.24,-0.178,,
Inchcape plc (LSE:INCH),INCH LN,24-May-18,Tender,Big4 to Big4,"Consumer, Cyclical",4392,0.05,-0.033,-0.199,-0.168,,-0.01,-0.01,-0.083,-0.001,,0.06,-0.022,-0.116,-0.167,
intu properties plc (LSE:INTU),INTU LN,03-May-19,Not explained,Big4 to Big4,Financial,1959,-0.053,-0.552,-0.545,,,-0.042,-0.019,0.042,,,-0.011,-0.532,-0.587,,
Intertek Group plc (LSE:ITRK),ITRK LN,25-May-16,Tender,Big4 to Big4,"Consumer, Non-cyclical",6602,0.027,0.147,0.04,0.408,0.799,-0.073,-0.012,-0.006,0.163,0.198,0.1,0.158,0.046,0.245,0.601
JPMorgan Japanese Investment Trust plc (LSE:JFJ),JFJ LN,24-Nov-13,Resignation,Non-Big4 to Big4,Financial,#N/A N/A,0.014,-0.04,-0.148,-0.026,0.207,0.006,0.051,0.082,0.106,0.239,0.008,-0.092,-0.23,-0.132,-0.033
Johnson Matthey Plc (LSE:JMAT),JMAT LN,26-Jul-18,Tender,Big4 to Big4,Basic Materials,8262,-0.042,-0.236,-0.182,-0.115,,-0.015,-0.093,-0.076,0.038,,-0.027,-0.142,-0.107,-0.152,
KAZ Minerals PLC (LSE:KAZ),KAZ LN,25-Jun-12,Tender,Big4 to Big4,Basic Materials,7685,-0.016,0.067,0.146,-0.631,-0.54,0.033,0.142,0.167,0.193,0.506,-0.049,-0.076,-0.02,-0.824,-1.046
Legal & General Group Plc (LSE:LGEN),LGEN LN,17-May-18,Tender,Big4 to Big4,Financial,21937,-0.064,-0.087,-0.123,0.041,,-0.012,-0.028,-0.085,-0.001,,-0.052,-0.059,-0.039,0.042,
London Stock Exchange Group plc (LSE:LSE),LSE LN,12-Jun-14,Resignation,Big4 to Big4,Financial,6743,-0.04,0.029,0.164,0.32,0.445,-0.03,-0.005,-0.041,0.155,0.023,-0.01,0.034,0.205,0.165,0.422
Mitchells & Butlers plc (LSE:MAB),MAB LN,05-May-11,Not explained,Big4 to Big4,"Consumer, Cyclical",1951,-0.043,-0.253,-0.299,-0.221,0.035,-0.006,-0.129,-0.121,-0.053,0.17,-0.037,-0.124,-0.178,-0.169,-0.135
Micro Focus International plc (LSE:MCRO),MCRO LN,11-Apr-17,Tender,Big4 to Big4,Technology,7697,-0.012,-0.117,-0.011,-0.514,-0.143,0.042,0.009,0.043,0.018,0.085,-0.053,-0.126,-0.054,-0.532,-0.228
McCarthy & Stone plc (LSE:MCS),MCS LN,23-Jan-19,Tender,Big4 to Big4,Financial,776,-0.098,-0.091,0.005,,,0.048,0.116,0.134,,,-0.146,-0.208,-0.129,,
Morgan Advanced Materials plc (LSE:MGAM),MGAM LN,09-May-14,Tender,Big4 to Big4,Industrial,1501,0.049,-0.03,-0.105,0.032,-0.227,0.036,-0.031,0.004,0.219,0.051,0.014,0.001,-0.109,-0.187,-0.278
Marks and Spencer Group plc (LSE:MKS),MKS LN,08-Jul-14,Tender,Big4 to Big4,"Consumer, Cyclical",12323,-0.021,-0.058,0.06,0.261,-0.187,-0.043,-0.031,0.015,0.131,0.029,0.022,-0.027,0.044,0.13,-0.216
Mondi plc (LSE:MNDI),MNDI LN,08-Oct-15,Tender,Big4 to Big4,Basic Materials,10468,0.035,-0.16,-0.111,0.19,0.537,0.052,-0.053,-0.07,-0.027,0.153,-0.017,-0.107,-0.041,0.217,0.384
Marshalls plc (LSE:MSLH),MSLH LN,20-May-15,Tender,Big4 to Big4,Industrial,727,0.066,0.167,0.154,0.128,0.415,-0.048,-0.075,-0.05,-0.139,0.03,0.114,0.242,0.204,0.267,0.385
Mitie Group plc (LSE:MTO),MTO LN,20-Sep-17,Resignation,Big4 to non-Big4,"Consumer, Non-cyclical",1001,-0.069,-0.265,-0.413,-0.376,-0.386,0.022,0.021,-0.007,0.035,0.103,-0.092,-0.286,-0.406,-0.412,-0.49
NCC Group plc (LSE:NCC),NCC LN,01-Nov-13,Tender,Big4 to Big4,Technology,346,0.012,0.219,0.112,0.214,0.731,0.013,0.007,0.069,0.082,0.244,-0.001,0.212,0.043,0.132,0.487
NCC Group plc (LSE:NCC),NCC LN,08-Dec-11,Resignation,Big4 to Big4,Technology,307,0.081,0.147,-0.023,0.105,0.428,0.042,0.119,0.047,0.221,0.432,0.039,0.029,-0.071,-0.116,-0.004
National Grid plc (LSE:NG.),NG/ LN,31-Jul-17,Tender,Big4 to Big4,Utilities,50121,0.04,-0.033,-0.126,-0.084,0.008,-0.008,0.051,0.055,0.071,0.095,0.048,-0.084,-0.181,-0.155,-0.086
National Grid plc (LSE:NG.),NG/ LN,12-Nov-15,Not explained,Big4 to Big4,Utilities,52052,0.003,0.04,0.112,0.091,0.063,-0.044,-0.158,-0.086,-0.061,0.116,0.047,0.198,0.198,0.153,-0.053
NewRiver REIT plc (LSE:NRR),NRR LN,04-Jul-19,Resignation,Big4 to Big4,Financial,945,-0.088,0.071,,,,-0.037,-0.027,,,,-0.051,0.098,,,
NEXT plc (LSE:NXT),NXT LN,18-May-17,Previous reappointed,Big4 to Big4,"Consumer, Cyclical",7099,-0.06,-0.009,0.037,0.419,0.465,0.003,-0.031,-0.003,0.048,0.049,-0.063,0.022,0.039,0.372,0.415
NEXT plc (LSE:NXT),NXT LN,25-Jun-16,Previous dismissed,Big4 to Big4,"Consumer, Cyclical",14412,0.055,0.017,0.049,-0.128,0.376,0.06,0.077,0.128,0.244,0.251,-0.005,-0.061,-0.079,-0.372,0.125
Ocado Group plc (LSE:OCDO),OCDO LN,03-May-17,Tender,Big4 to Big4,"Consumer, Non-cyclical",2049,0.201,0.163,0.079,1.149,4.247,0.017,-0.016,0.033,0.021,0.073,0.185,0.178,0.046,1.128,4.174
On the Beach Group plc (LSE:OTB),OTB LN,07-Mar-19,Tender,Big4 to Big4,"Consumer, Cyclical",846,0.002,0.108,-0.11,,,0.043,0.03,0.063,,,-0.041,0.079,-0.173,,
Oxford BioMedica plc (LSE:OXB),OXB LN,22-Jun-18,Resignation,Big4 to Big4,"Consumer, Non-cyclical",372,-0.151,-0.089,-0.351,-0.281,,0.002,0.003,-0.118,0.036,,-0.154,-0.091,-0.233,-0.317,
PageGroup plc (LSE:PAGE),PAGE LN,05-Jul-11,Resignation,Big4 to Big4,"Consumer, Non-cyclical",2783,-0.23,-0.354,-0.372,-0.324,-0.257,-0.132,-0.182,-0.093,-0.029,0.128,-0.099,-0.172,-0.279,-0.295,-0.385
PayPoint plc (LSE:PAY),PAY LN,17-Aug-17,Resignation,Big4 to Big4,Financial,876,0.006,-0.011,-0.051,0.115,0.146,0.011,0.022,0.017,0.045,0.052,-0.005,-0.033,-0.067,0.07,0.095
Polar Capital Technology Trust plc (LSE:PCT),PCT LN,07-Sep-17,Tender,Big4 to Big4,Financial,#N/A N/A,0.054,0.063,0.127,0.287,0.371,0.04,0.034,0.002,0.03,0.108,0.014,0.028,0.125,0.256,0.264
Provident Financial plc (LSE:PFG),PFG LN,29-Jun-12,Not explained,Big4 to Big4,Financial,2002,0.073,0.13,0.157,0.29,1.062,0.036,0.075,0.121,0.175,0.456,0.038,0.055,0.036,0.114,0.607
Premier Oil plc (LSE:PMO),PMO LN,17-May-17,Tender,Big4 to Big4,Energy,467,-0.167,-0.108,0.133,1.025,0.657,-0.002,-0.028,-0.007,0.045,0.045,-0.165,-0.08,0.14,0.98,0.612
Pennon Group Plc (LSE:PNN),PNN LN,26-Aug-14,Tender,Big4 to Big4,Utilities,4590,-0.041,0.03,0.055,-0.087,0.171,-0.001,0.014,0.148,0.053,0.071,-0.041,0.017,-0.093,-0.14,0.099
Pennon Group Plc (LSE:PNN),PNN LN,01-Aug-14,Tender,Big4 to Big4,Utilities,4590,0.039,0.067,0.15,0.055,0.241,0.036,0.02,0.116,0.231,0.094,0.003,0.047,0.034,-0.176,0.147
QinetiQ Group plc (LSE:QQ.),QQ/ LN,19-Jul-17,Tender,Big4 to Big4,"Consumer, Non-cyclical",2001,-0.041,-0.005,-0.123,0.129,0.165,-0.027,0.014,0.048,0.035,0.077,-0.014,-0.019,-0.171,0.094,0.088
QinetiQ Group plc (LSE:QQ.),QQ/ LN,26-Jan-17,Tender,Big4 to Big4,"Consumer, Non-cyclical",1762,0.034,0.101,-0.092,-0.179,0.173,0.01,0.07,0.067,0.126,0.041,0.024,0.031,-0.159,-0.305,0.132
Rathbone Brothers Plc (LSE:RAT),RAT LN,09-May-19,Not explained,Big4 to Big4,Financial,1648,-0.103,-0.101,-0.096,,,0.011,0,0.095,,,-0.114,-0.101,-0.191,,
Reckitt Benckiser Group plc (LSE:RB.),RB/ LN,03-May-18,Tender,Big4 to Big4,"Consumer, Non-cyclical",65857,0.039,0.235,0.15,0.121,,0.014,0.023,-0.038,0.051,,0.025,0.212,0.188,0.07,
The Royal Bank of Scotland Group plc (LSE:RBS),RBS LN,04-May-16,Tender,Big4 to Big4,Financial,37380,0.082,-0.124,-0.156,0.218,0.242,0.037,0.031,0.008,0.222,0.247,0.045,-0.155,-0.164,-0.004,-0.005
The Royal Bank of Scotland Group plc (LSE:RBS),RBS LN,04-Nov-14,Tender,Big4 to Big4,Financial,67983,0.035,0.003,-0.105,-0.143,-0.513,0.044,0.129,0.219,0.186,0.062,-0.009,-0.125,-0.323,-0.328,-0.575
Redrow plc (LSE:RDW),RDW LN,06-Nov-19,Tender,Big4 to Big4,"Consumer, Cyclical",2432,,,,,,,,,,,,,,,
Redrow plc (LSE:RDW),RDW LN,09-Nov-18,Tender,Big4 to Big4,"Consumer, Cyclical",2601,-0.141,0.036,0.051,0.129,,-0.054,-0.017,0.05,0.15,,-0.087,0.054,0.001,-0.021,
Regional REIT Limited (LSE:RGL),RGL LN,27-May-16,Previous reappointed,Non-Big4 to non-Big4,Financial,423,-0.027,-0.005,0.058,0.092,0.125,-0.114,-0.01,-0.01,0.157,0.194,0.087,0.005,0.068,-0.064,-0.069
Royal Mail plc (LSE:RMG),RMG LN,28-Sep-15,Resignation,Big4 to Big4,Industrial,6577,-0.006,0.006,0.061,0.119,-0.069,0.101,0.071,-0.007,0.039,0.211,-0.108,-0.066,0.068,0.08,-0.279
Royal Mail plc (LSE:RMG),RMG LN,23-Jul-15,Resignation,Big4 to Big4,Industrial,6577,-0.071,-0.128,-0.115,0.018,-0.155,-0.09,-0.048,-0.143,-0.114,0.022,0.02,-0.081,0.028,0.133,-0.177
Rolls-Royce Holdings plc (LSE:RR.),RR/ LN,04-May-18,Tender,Big4 to Big4,Industrial,21077,0.004,0.309,0.003,0.132,,0.01,0.016,-0.045,0.044,,-0.006,0.293,0.048,0.088,
Renishaw plc (LSE:RSW),RSW LN,13-Oct-16,Tender,Big4 to Big4,Industrial,2108,-0.123,-0.06,0.106,0.706,0.475,0.007,0.095,0.15,0.205,0.143,-0.131,-0.155,-0.044,0.501,0.333
The Restaurant Group plc (LSE:RTN),RTN LN,28-Sep-18,Resignation,Big4 to Big4,"Consumer, Cyclical",747,-0.013,-0.362,-0.465,-0.319,,-0.079,-0.119,-0.004,0.061,,0.066,-0.244,-0.46,-0.38,
Safestore Holdings plc (LSE:SAFE),SAFE LN,29-Sep-14,Tender,Big4 to Big4,"Consumer, Cyclical",#N/A N/A,-0.067,0.083,0.293,0.402,0.868,-0.035,0.014,0.173,0.026,0.074,-0.032,0.069,0.12,0.376,0.794
Saga plc (LSE:SAGA),SAGA LN,22-Jun-17,Not explained,Big4 to Big4,"Consumer, Cyclical",2597,0.043,-0.016,-0.371,-0.323,-0.799,-0.021,-0.009,0.013,0.024,0.061,0.063,-0.006,-0.384,-0.348,-0.86
Saga plc (LSE:SAGA),SAGA LN,17-Jan-17,Not explained,Big4 to Big4,"Consumer, Cyclical",3010,-0.039,0.091,0.129,-0.337,-0.38,0.023,0.061,0.094,0.134,0.034,-0.063,0.03,0.035,-0.471,-0.414
SDL plc (LSE:SDL),SDL LN,04-May-10,Not explained,Big4 to Big4,Technology,511,0.012,0.166,0.306,0.516,0.605,-0.024,0.05,0.089,0.139,0.077,0.035,0.116,0.217,0.376,0.528
Schroder Investment Trust - Schroder AsiaPacific Fund plc (LSE:SDP),SDP LN,23-Jan-19,Resignation,Big4 to Big4,Financial,#N/A N/A,0.066,0.126,0.136,,,0.048,0.116,0.134,,,0.017,0.01,0.002,,
Schroders plc (LSE:SDR),SDR LN,26-Apr-18,Not explained,Big4 to Big4,Financial,13433,0.035,-0.051,-0.189,0.019,,0.027,0.03,-0.066,0.055,,0.009,-0.081,-0.124,-0.035,
Schroders plc (LSE:SDR),SDR LN,09-Jan-13,Not explained,Big4 to Big4,Financial,5684,0.118,0.208,0.384,0.512,0.564,-0.002,0.008,0.049,0.179,0.253,0.12,0.2,0.335,0.333,0.311
S4 Capital plc (LSE:SFOR),SFOR LN,31-Jan-19,Not explained,Non-Big4 to Big4,Communications,4,-0.033,0.093,0.156,,,0.042,0.106,0.105,,,-0.075,-0.013,0.051,,
SEGRO Plc (LSE:SGRO),SGRO LN,22-Apr-16,Tender,Big4 to Big4,Financial,4721,0.048,0.024,0.094,0.286,0.721,-0.021,-0.008,0.008,0.123,0.172,0.069,0.033,0.086,0.163,0.549
SIG plc (LSE:SHI),SHI LN,04-Jul-18,Tender,Big4 to Big4,"Consumer, Cyclical",1410,-0.137,-0.111,-0.164,-0.02,,0.025,0.004,-0.089,0.072,,-0.162,-0.115,-0.075,-0.092,
Standard Life Aberdeen plc (LSE:SLA),SLA LN,16-May-17,Tender,Big4 to Big4,Financial,#N/A N/A,-0.003,0.116,0.084,-0.005,-0.233,-0.013,-0.034,-0.016,0.026,0.036,0.01,0.151,0.1,-0.03,-0.269
SL Private Equity (LSE:SLPE),SLPE LN,28-Aug-18,Resignation,Big4 to non-Big4,Financial,#N/A N/A,0.046,0.018,0.069,0.119,,-0.005,-0.069,-0.024,0.004,,0.05,0.088,0.093,0.115,
SL Private Equity (LSE:SLPE),SLPE LN,24-Jan-17,Not explained,Big4 to Big4,Financial,#N/A N/A,0.015,0.088,0.108,0.23,0.235,0.025,0.079,0.074,0.144,0.05,-0.01,0.009,0.034,0.086,0.184
Smiths Group plc (LSE:SMIN),SMIN LN,17-Nov-10,Previous reappointed,Big4 to Big4,Industrial,6844,0.091,0.204,0.07,-0.159,-0.034,0.035,0.093,0.059,-0.092,0.06,0.056,0.111,0.011,-0.066,-0.094
St. Modwen Properties PLC (LSE:SMP),SMP LN,28-Apr-16,Not explained,Big4 to Big4,Financial,1443,0.034,-0.114,-0.13,0.17,0.328,0.012,-0.014,-0.005,0.148,0.179,0.022,-0.1,-0.125,0.022,0.149
WH Smith PLC (LSE:SMWH),SMWH LN,21-Jan-15,Tender,Big4 to Big4,"Consumer, Cyclical",2279,-0.038,0.048,0.188,0.339,0.168,0.069,0.154,0.15,-0.054,0.082,-0.107,-0.106,0.039,0.393,0.086
Smith & Nephew plc (LSE:SN.),SN/ LN,09-Apr-15,Previous reappointed,Big4 to Big4,"Consumer, Non-cyclical",16991,-0.021,-0.045,-0.028,0.014,0.101,-0.015,-0.055,-0.096,-0.162,-0.003,-0.006,0.01,0.068,0.176,0.104
Smith & Nephew plc (LSE:SN.),SN/ LN,11-Jul-14,Tender,Big4 to Big4,"Consumer, Non-cyclical",13096,-0.011,-0.028,0.167,0.122,0.325,-0.021,-0.041,0.011,0.19,0.055,0.01,0.013,0.156,-0.069,0.27
Sanne Group plc (LSE:SNN),SNN LN,05-Aug-19,Not explained,Big4 to Big4,Financial,1080,0.019,0.045,,,,0.048,0.1,,,,-0.029,-0.056,,,
Senior plc (LSE:SNR),SNR LN,13-Jul-17,Tender,Big4 to Big4,Industrial,1006,0.131,0.183,0.231,0.312,-0.048,-0.034,0.018,0.04,0.031,0.074,0.165,0.164,0.191,0.282,-0.122
Schroder Oriental Income Fund Limited (LSE:SOI),SOI LN,14-Feb-18,Resignation,Big4 to Big4,Financial,#N/A N/A,0.036,0.047,0.026,0.045,,0.004,0.065,0.055,0.006,,0.032,-0.018,-0.029,0.039,
Sports Direct International plc (LSE:SPD),SPD LN,23-Oct-19,Previous not seeking reapp.,Non-Big4 to non-Big4,"Consumer, Cyclical",2110,,,,,,,,,,,,,,,
Sports Direct International plc (LSE:SPD),SPD LN,14-Aug-19,Previous not seeking reapp.,Non-Big4 to non-Big4,"Consumer, Cyclical",2098,0.305,0.467,,,,0.072,0.11,,,,0.233,0.358,,,
Spirax-Sarco Engineering plc (LSE:SPX),SPX LN,20-May-14,Tender,Big4 to Big4,Industrial,3733,0.015,0.037,0.012,0.253,0.267,0.032,-0.002,0.011,0.239,0.066,-0.017,0.039,0,0.014,0.201
Sirius Real Estate Limited (LSE:SRE),SRE LN,21-Sep-18,Not explained,Big4 to Big4,Financial,858,-0.071,0.021,0.064,0.271,,-0.059,-0.12,0.002,0.061,,-0.012,0.141,0.062,0.21,
Sirius Real Estate Limited (LSE:SRE),SRE LN,07-Nov-17,Previous not seeking reapp.,Big4 to Big4,Financial,572,0.075,-0.06,0.089,0.021,0.362,-0.019,-0.033,0.005,-0.04,0.106,0.094,-0.027,0.084,0.061,0.256
Serco Group plc (LSE:SRP),SRP LN,27-May-16,Resignation,Big4 to Big4,Technology,1515,-0.086,0.19,0.261,0.108,-0.083,-0.114,-0.01,-0.01,0.157,0.194,0.029,0.2,0.271,-0.049,-0.277
SSE plc (LSE:SSE),SSE LN,18-Jul-19,Previous reappointed,Big4 to Big4,Utilities,16146,0.011,0.195,,,,-0.041,0.019,,,,0.053,0.177,,,
Spectris plc (LSE:SXS),SXS LN,26-May-17,Tender,Big4 to Big4,Industrial,3402,0.002,-0.067,-0.003,0.127,0.031,-0.003,-0.038,-0.002,0.032,0.029,0.005,-0.03,-0.001,0.095,0.002
Synthomer plc (LSE:SYNT),SYNT LN,13-Jul-12,Tender,Big4 to Big4,Basic Materials,866,0.137,0.211,0.527,0.576,0.748,0.051,0.057,0.131,0.197,0.406,0.087,0.154,0.396,0.38,0.343
Templeton Emerging Markets Investment Trust plc (LSE:TEM),TEM LN,11-Jul-19,Tender,Big4 to Big4,Financial,#N/A N/A,-0.027,-0.031,,,,-0.037,0.018,,,,0.01,-0.049,,,
Telecom Plus PLC (LSE:TEP),TEP LN,20-Feb-15,Tender,Non-Big4 to Big4,Communications,1734,-0.107,-0.262,-0.054,-0.239,0.129,0.061,0.081,0,-0.119,0.037,-0.168,-0.342,-0.054,-0.12,0.092
Travis Perkins plc (LSE:TPK),TPK LN,28-May-15,Tender,Big4 to Big4,"Consumer, Cyclical",7126,-0.03,-0.085,-0.097,-0.119,-0.224,-0.022,-0.102,-0.048,-0.11,0.029,-0.007,0.017,-0.049,-0.009,-0.253
TR Property Investment Trust plc (LSE:TRY),TRY LN,26-Jul-16,Tender,Big4 to Big4,Financial,#N/A N/A,0.061,0.025,0,0.223,0.515,0.01,0.006,0.086,0.159,0.222,0.051,0.018,-0.086,0.064,0.293
Tesco PLC (LSE:TSCO),TSCO LN,26-Jun-15,Previous not seeking reapp.,Big4 to Big4,"Consumer, Non-cyclical",30778,-0.021,-0.251,-0.325,-0.274,-0.254,-0.005,-0.116,-0.069,-0.16,0.049,-0.016,-0.135,-0.256,-0.115,-0.304
Tesco PLC (LSE:TSCO),TSCO LN,11-May-15,Previous not seeking reapp.,Big4 to Big4,"Consumer, Non-cyclical",30778,-0.072,-0.099,-0.252,-0.315,-0.224,-0.015,-0.011,-0.044,-0.137,0.051,-0.057,-0.087,-0.207,-0.178,-0.275
TT Electronics plc (LSE:TTG),TTG LN,15-Jul-10,Tender,Non-Big4 to Big4,Industrial,183,0.067,0.577,0.683,0.972,0.445,0.012,0.055,0.131,0.092,0.092,0.055,0.522,0.552,0.879,0.354
Greencoat UK Wind PLC (LSE:UKW),UKW LN,05-Jun-13,Not explained,Non-Big4 to non-Big4,Financial,#N/A N/A,-0.006,-0.009,-0.024,0.042,0.185,-0.021,0.038,0.076,0.208,0.405,0.015,-0.047,-0.1,-0.166,-0.219
The Unite Group plc (LSE:UTG),UTG LN,10-Jun-15,Tender,Big4 to Big4,Financial,#N/A N/A,0.003,0.107,0.091,0.114,0.131,-0.003,-0.076,-0.062,-0.117,0.07,0.006,0.183,0.153,0.231,0.061
Victrex plc (LSE:VCT),VCT LN,09-Feb-18,Tender,Big4 to Big4,Basic Materials,2728,0.063,0.131,0.341,0.01,,0.029,0.081,0.086,0.005,,0.033,0.05,0.255,0.004,
Vectura Group plc (LSE:VEC),VEC LN,25-May-17,Tender,Big4 to Big4,"Consumer, Non-cyclical",986,-0.026,-0.056,-0.227,-0.277,-0.319,-0.008,-0.04,-0.004,0.03,0.027,-0.018,-0.017,-0.223,-0.307,-0.346
Vodafone Group Plc (LSE:VOD),VOD LN,23-Jul-19,Not explained,Big4 to Big4,Communications,49462,0.149,0.244,,,,-0.048,0.014,,,,0.198,0.23,,,
Vodafone Group Plc (LSE:VOD),VOD LN,15-Feb-19,Tender,Big4 to Big4,Communications,57319,0.017,-0.108,0.08,,,0.037,0.043,0.019,,,-0.021,-0.151,0.062,,
Vodafone Group Plc (LSE:VOD),VOD LN,29-Jul-14,Tender,Big4 to Big4,Communications,97162,0.019,0.012,0.19,0.245,0.249,0.002,-0.035,0.087,0.187,0.067,0.017,0.047,0.103,0.058,0.181
Vodafone Group Plc (LSE:VOD),VOD LN,14-Feb-14,Resignation,Big4 to Big4,Communications,169398,-0.008,-0.009,-0.091,0.093,0.014,-0.03,0.041,0.018,0.168,-0.002,0.021,-0.05,-0.109,-0.075,0.016
Vesuvius plc (LSE:VSVS),VSVS LN,29-Jul-16,Not explained,Big4 to Big4,Industrial,1032,-0.041,0.011,0.283,0.521,0.81,0.007,0.002,0.08,0.143,0.225,-0.048,0.009,0.203,0.378,0.585
The Vitec Group plc (LSE:VTC),VTC LN,15-May-18,Not explained,Big4 to Big4,Industrial,688,0.113,0.008,0.045,-0.027,,-0.002,-0.023,-0.074,-0.002,,0.115,0.031,0.119,-0.025,
The Vitec Group plc (LSE:VTC),VTC LN,08-May-14,Tender,Big4 to Big4,Industrial,#N/A N/A,-0.067,-0.106,-0.027,0.05,-0.053,0.029,-0.034,0.001,0.216,0.043,-0.096,-0.072,-0.028,-0.166,-0.096
John Wood Group PLC (LSE:WG.),WG/ LN,11-May-18,Resignation,Big4 to Big4,Energy,5957,-0.008,0.029,0.038,-0.277,,-0.006,-0.007,-0.056,-0.005,,-0.002,0.036,0.093,-0.272,
John Wood Group PLC (LSE:WG.),WG/ LN,23-Mar-18,Resignation,Big4 to Big4,Energy,5957,-0.004,0.165,0.345,-0.013,,0.053,0.072,0.074,0.064,,-0.057,0.093,0.271,-0.076,
Workspace Group plc (LSE:WKP),WKP LN,14-Jul-17,Tender,Big4 to Big4,Financial,1606,0.013,0.016,0.096,0.273,0.084,-0.025,0.016,0.038,0.029,0.072,0.038,0,0.058,0.244,0.012
Watches of Switzerland Group PLC (LSE:WOSG),WOSG LN,17-Oct-19,Not explained,Big4 to Big4,"Consumer, Cyclical",#N/A N/A,0.067,,,,,0.034,,,,,0.033,,,,
Witan Investment Trust plc (LSE:WTAN),WTAN LN,31-Aug-16,Not explained,Big4 to non-Big4,Financial,#N/A N/A,0.018,0.042,0.154,0.296,0.423,-0.001,0,0.086,0.125,0.188,0.019,0.043,0.068,0.171,0.234
Whitbread PLC (LSE:WTB),WTB LN,17-Jun-15,Tender,Big4 to Big4,"Consumer, Cyclical",14796,0.037,-0.079,-0.116,-0.214,-0.197,0.058,-0.054,-0.041,-0.12,0.084,-0.021,-0.024,-0.075,-0.093,-0.282
Whitbread PLC (LSE:WTB),WTB LN,10-Mar-15,Tender,Big4 to Big4,"Consumer, Cyclical",13199,0.053,-0.011,-0.084,-0.267,-0.213,0.064,0.02,-0.058,-0.116,0.023,-0.01,-0.03,-0.027,-0.151,-0.236
STADA Arzneimittel Aktiengesellschaft (MUN:SAZ),SAZ GR,30-Aug-17,Not explained,Non-Big4 to Big4,"Consumer, Non-cyclical",4418,0.05,0.037,0.09,0.044,0.117,0.047,0.046,0.031,0.074,0.097,0.003,-0.009,0.059,-0.03,0.02
P/F Bakkafrost (OB:BAKKA),BAKKA NO,19-Apr-13,Resignation,Non-Big4 to non-Big4,"Consumer, Non-cyclical",528,-0.021,0.003,0.192,0.341,1.678,0.092,0.067,0.138,0.205,0.509,-0.113,-0.064,0.053,0.137,1.169
Europris ASA (OB:EPR),EPR NO,13-May-16,Not explained,Big4 to non-Big4,"Consumer, Cyclical",#N/A N/A,0.048,0.153,0.15,0.174,-0.096,-0.018,0.044,0.022,0.221,0.252,0.066,0.109,0.128,-0.047,-0.348
Equinor ASA (OB:EQNR),EQNR NO,16-May-12,Not explained,Big4 to Big4,Energy,86418,-0.02,0.042,-0.048,-0.048,0.372,0.005,0.122,0.092,0.307,0.487,-0.025,-0.08,-0.14,-0.356,-0.114
SpareBank 1 SMN (OB:MING),MING NO,22-Nov-18,Not explained,Big4 to Big4,Financial,1450,-0.033,0.081,0.181,,,-0.044,0.058,0.102,,,0.012,0.024,0.079,,
Norwegian Property ASA (OB:NPRO),NPRO NO,12-Apr-12,Not explained,Big4 to Big4,Financial,614,-0.019,-0.052,-0.001,0.114,-0.121,-0.009,0.003,0.075,0.182,0.373,-0.01,-0.055,-0.076,-0.067,-0.495
Norway Royal Salmon AS (OB:NRS),NRS NO,06-Jun-19,Previous reappointed,Big4 to Big4,"Consumer, Non-cyclical",999,0.07,-0.059,,,,0.045,0.042,,,,0.025,-0.101,,,
SalMar ASA (OB:SALM),SALM NO,11-Jun-13,Not explained,Big4 to Big4,"Consumer, Non-cyclical",1001,0.114,0.159,0.364,0.83,1.523,0.019,0.072,0.085,0.232,0.436,0.095,0.087,0.279,0.598,1.087
Subsea 7 S.A. (OB:SUBC),SUBC NO,31-May-11,Not explained,Big4 to Big4,Energy,3676,-0.035,-0.128,-0.207,-0.159,-0.05,-0.027,-0.15,-0.135,-0.112,0.154,-0.008,0.022,-0.072,-0.046,-0.204
ÅF Pöyry AB (publ) (OM:AF B),AFB SS,25-Apr-17,Tender,Big4 to Big4,Industrial,#N/A N/A,0,-0.022,-0.038,-0.021,0.096,0.023,-0.003,0.018,0.016,0.079,-0.023,-0.019,-0.057,-0.036,0.016
Alfa Laval AB (publ) (OM:ALFA),ALFA SS,30-Apr-13,Not explained,Big4 to Big4,Industrial,9646,0.03,0.04,0.05,0.244,0.151,0.031,0.021,0.099,0.176,0.422,-0.002,0.019,-0.049,0.069,-0.271
Addnode Group AB (publ) (OM:ANOD B),ANODB SS,27-Apr-10,Not explained,Big4 to Big4,Communications,93,-0.054,-0.095,-0.07,0.397,0.565,-0.053,0.002,0.033,0.117,0.067,-0.001,-0.097,-0.104,0.28,0.498
Avanza Bank Holding AB (publ) (OM:AZA),AZA SS,19-Mar-19,Not explained,Big4 to Big4,Financial,1444,-0.066,-0.134,0.042,,,0.022,0.021,0.046,,,-0.088,-0.156,-0.004,,
Avanza Bank Holding AB (publ) (OM:AZA),AZA SS,14-Apr-11,Not explained,Big4 to Big4,Financial,#N/A N/A,-0.072,-0.221,-0.196,-0.161,-0.207,0.023,-0.016,-0.119,-0.05,0.14,-0.095,-0.205,-0.078,-0.112,-0.347
Boliden AB (publ) (OM:BOL),BOL SS,07-May-15,Not explained,Big4 to Big4,Basic Materials,5430,-0.015,-0.078,-0.072,-0.21,0.43,0.006,0.03,-0.01,-0.118,0.085,-0.021,-0.108,-0.063,-0.092,0.345
Bonava AB (publ) (OM:BONAV B),BONAVB SS,25-Apr-18,Not explained,Big4 to Big4,"Consumer, Cyclical",#N/A N/A,0.072,0.105,0.049,0.251,,0.037,0.031,-0.049,0.062,,0.035,0.074,0.098,0.188,
Clas Ohlson AB (publ) (OM:CLAS B),CLASB SS,07-Sep-13,Not explained,Big4 to Big4,"Consumer, Cyclical",902,0.072,0.101,0.288,0.421,0.713,0.011,0.038,0.098,0.172,0.234,0.061,0.063,0.19,0.249,0.479
Elekta AB (publ) (OM:EKTA B),EKTAB SS,22-Aug-19,Not explained,Big4 to Big4,"Consumer, Non-cyclical",5475,0.027,,,,,0.051,,,,,-0.024,,,,
Elekta AB (publ) (OM:EKTA B),EKTAB SS,04-Sep-12,Not explained,Big4 to Big4,"Consumer, Non-cyclical",#N/A N/A,0.108,0.26,0.186,0.315,0.025,0.024,0.046,0.099,0.18,0.406,0.084,0.214,0.087,0.136,-0.38
Fingerprint Cards AB (publ) (OM:FING B),FINGB SS,11-May-18,Resignation,Big4 to non-Big4,Industrial,303,0.007,0.413,1.23,1.219,,-0.006,-0.007,-0.056,-0.005,,0.012,0.42,1.285,1.224,
Hansa Biopharma AB (publ) (OM:HNSA),HNSA SS,03-Jun-15,Not explained,Non-Big4 to Big4,"Consumer, Non-cyclical",95,-0.088,-0.242,-0.142,0.717,4.342,-0.029,-0.08,-0.051,-0.107,0.062,-0.059,-0.162,-0.091,0.824,4.28
Husqvarna AB (publ) (OM:HUSQ B),HUSQB SS,10-Apr-14,Not explained,Big4 to Big4,Industrial,3429,0.163,0.132,0.013,0.381,0.345,0.023,0.025,-0.016,0.279,0.062,0.14,0.108,0.029,0.102,0.283
Intrum AB (publ) (OM:INTRUM),INTRUM SS,26-Apr-12,Not explained,Big4 to Big4,Financial,1326,-0.032,-0.057,-0.047,0.348,1.016,-0.046,0.014,0.075,0.196,0.391,0.014,-0.071,-0.122,0.152,0.625
Karo Pharma AB (publ) (OM:KARO),KARO SS,16-May-19,Not explained,Big4 to Big4,"Consumer, Non-cyclical",678,0,-0.001,0.055,,,-0.005,-0.025,0.076,,,0.005,0.024,-0.02,,
Kinnevik AB (OM:KINV B),KINVB SS,13-May-13,Not explained,Big4 to Big4,Financial,#N/A N/A,0.018,0.181,0.397,0.549,0.647,-0.04,0.02,0.065,0.16,0.385,0.058,0.161,0.332,0.389,0.262
Lindab International AB (OM:LIAB),LIAB SS,30-Apr-14,Not explained,Big4 to Big4,Industrial,919,-0.014,-0.178,-0.177,-0.087,-0.199,0.027,0.019,-0.005,0.209,0.079,-0.042,-0.198,-0.172,-0.296,-0.278
Modern Times Group Mtg AB (OM:MTG B),MTGB SS,17-May-10,Not explained,Big4 to Big4,Communications,3845,0.093,0.081,0.223,0.139,-0.185,0.034,0.051,0.093,0.157,0.049,0.059,0.03,0.13,-0.018,-0.234
Mycronic AB (publ) (OM:MYCR),MYCR SS,07-May-13,Not explained,Big4 to Big4,Industrial,214,-0.037,-0.111,-0.074,0.373,4.275,-0.014,0.015,0.088,0.151,0.375,-0.023,-0.125,-0.162,0.222,3.9
NCC AB (publ) (OM:NCC B),NCCB SS,04-Nov-13,Resignation,Big4 to Big4,Industrial,3214,-0.026,0.009,0.154,0.122,0.486,-0.014,-0.011,0.065,0.06,0.256,-0.012,0.02,0.089,0.062,0.23
Nordea Bank Abp (OM:NDA SE),NDA SS,20-Mar-15,Not explained,Big4 to Big4,Financial,47123,-0.009,-0.052,-0.123,-0.188,0.05,0.011,-0.03,-0.104,-0.127,-0.001,-0.021,-0.022,-0.019,-0.061,0.051
NIBE Industrier AB (publ) (OM:NIBE B),NIBEB SS,16-May-13,Not explained,Non-Big4 to Big4,Industrial,1914,-0.078,0.078,0.185,0.724,1.188,-0.051,0.003,0.062,0.137,0.372,-0.027,0.075,0.123,0.587,0.817
Nobia AB (publ) (OM:NOBI),NOBI SS,06-Apr-17,Tender,Big4 to Big4,"Consumer, Cyclical",1573,0.044,-0.068,-0.144,-0.202,-0.311,0.043,0.015,0.043,0.017,0.09,0.001,-0.083,-0.188,-0.219,-0.401
Nolato AB (publ) (OM:NOLA B),NOLAB SS,29-Apr-15,Not explained,Big4 to Big4,Basic Materials,#N/A N/A,-0.019,0.025,0.175,0.114,0.505,0.015,0.003,-0.039,-0.111,0.043,-0.034,0.022,0.214,0.224,0.463
Ratos AB (publ) (OM:RATO B),RATOB SS,08-May-19,Not explained,Big4 to Big4,Financial,#N/A N/A,0.041,-0.071,0.266,,,-0.004,-0.007,0.079,,,0.045,-0.064,0.187,,
Ratos AB (publ) (OM:RATO B),RATOB SS,19-Apr-12,Not explained,Big4 to Big4,Financial,3831,-0.194,-0.095,-0.298,-0.211,-0.121,-0.057,0.041,0.096,0.157,0.394,-0.137,-0.136,-0.394,-0.368,-0.515
Saab AB (publ) (OM:SAAB B),SAABB SS,07-Apr-11,Not explained,Big4 to Big4,Industrial,1996,0.073,0.036,-0.071,-0.131,0.042,0.011,0.002,-0.154,-0.041,0.104,0.063,0.035,0.082,-0.09,-0.062
Sandvik AB (OM:SAND),SAABB SS,27-Apr-18,Resignation,Big4 to Big4,Industrial,4843,-0.008,0.098,-0.083,-0.004,,0.024,0.032,-0.068,0.052,,-0.032,0.067,-0.015,-0.055,
SAS AB (publ) (OM:SAS),SAS SS,13-Mar-19,Not explained,Big4 to Big4,"Consumer, Cyclical",1033,-0.076,-0.362,-0.336,,,0.037,0.033,0.071,,,-0.113,-0.395,-0.407,,
SAS AB (publ) (OM:SAS),SAS SS,20-Mar-13,Not explained,Big4 to Big4,"Consumer, Cyclical",702,-0.089,-0.107,0.423,0.06,0.146,-0.033,-0.026,0.084,0.143,0.455,-0.056,-0.081,0.339,-0.082,-0.309
Svenska Cellulosa Aktiebolaget SCA (publ) (OM:SCA B),SCAB SS,14-Apr-16,Not explained,Big4 to Big4,Basic Materials,20475,0.008,0.08,0.003,0.213,0.859,-0.018,0,0.009,0.145,0.178,0.026,0.079,-0.006,0.068,0.682
Skandinaviska Enskilda Banken AB (publ.) (OM:SEB A),SCAB SS,26-Mar-19,Previous reappointed,Big4 to Big4,Basic Materials,5436,0.058,0.039,0.102,,,0.044,0.034,0.06,,,0.014,0.005,0.041,,
Stillfront Group AB (publ) (OM:SF),SF SS,09-May-19,Not explained,Big4 to non-Big4,Technology,#N/A N/A,0.194,0.029,0.255,,,0.011,0,0.095,,,0.183,0.03,0.16,,
Svenska Handelsbanken AB (publ) (OM:SHB A),SHBA SS,29-Mar-17,Not explained,Big4 to Big4,Financial,27087,0.028,-0.006,0.005,-0.084,-0.09,0.029,0.024,0.048,0.012,0.072,-0.001,-0.03,-0.043,-0.096,-0.162
AB SKF (publ) (OM:SKF B),SKFB SS,26-Apr-13,Tender,Big4 to Big4,Industrial,11084,0.055,0.214,0.158,0.141,0.528,0.034,0.023,0.101,0.163,0.472,0.021,0.191,0.057,-0.023,0.056
Swedish Orphan Biovitrum AB (publ) (OM:SOBI),SOBI SS,09-May-14,Not explained,Big4 to Big4,"Consumer, Non-cyclical",2960,0.075,0.038,0.071,0.715,0.38,0.036,-0.031,0.004,0.219,0.051,0.039,0.069,0.067,0.496,0.329
SSAB AB (publ) (OM:SSAB A),SSABA SS,08-Apr-19,Not explained,Big4 to Big4,Basic Materials,3536,-0.084,-0.14,-0.3,,,-0.006,0.024,0,,,-0.077,-0.164,-0.3,,
Vitrolife AB (publ) (OM:VITR),VITR SS,06-May-14,Not explained,Big4 to Big4,"Consumer, Non-cyclical",#N/A N/A,-0.055,-0.118,0.276,0.264,2.287,0.041,-0.01,0.019,0.194,0.055,-0.096,-0.108,0.258,0.071,2.232
AB Volvo (publ) (OM:VOLV B),VOLVB SS,05-Apr-18,Tender,Big4 to Big4,"Consumer, Cyclical",37935,0.042,-0.026,0.065,0.069,,0.037,0.032,0.023,0.07,,0.005,-0.058,0.042,-0.002,
ABB Ltd (SWX:ABBN),ABBN SW,29-Mar-18,Not explained,Big4 to Big4,Industrial,57375,0.051,-0.009,0.058,-0.146,,0.044,0.043,0.057,0.059,,0.007,-0.052,0.002,-0.205,
Bâloise Holding AG (SWX:BALN),BALN SW,29-Apr-16,Tender,Big4 to Big4,Financial,5940,0.077,-0.04,0.068,0.282,0.445,0.033,0.014,0.016,0.172,0.204,0.044,-0.054,0.052,0.11,0.241
Logitech International S.A. (SWX:LOGN),LOGN SW,18-Dec-14,Previous not seeking reapp.,Big4 to Big4,Technology,2103,-0.134,-0.07,0.042,0.14,1.018,0.04,0.182,0.159,0.099,0.135,-0.174,-0.252,-0.117,0.041,0.883
Logitech International S.A. (SWX:LOGN),LOGN SW,13-Nov-14,Previous not seeking reapp.,Big4 to Big4,Technology,2103,0,0.042,0.065,0.203,0.907,-0.015,0.127,0.199,0.135,0.074,0.015,-0.085,-0.135,0.069,0.834
Logitech International S.A. (SWX:LOGN),LOGN SW,09-Jun-13,Not explained,Big4 to Big4,Technology,1173,-0.035,0.153,0.667,0.892,1.276,-0.001,0.041,0.084,0.219,0.385,-0.034,0.111,0.583,0.673,0.891
Tecan Group Ltd. (SWX:TECN),TECN SW,13-Apr-16,Not explained,Big4 to Big4,"Consumer, Non-cyclical",1869,-0.003,0.116,0.223,0.152,0.568,-0.015,-0.005,-0.001,0.149,0.181,0.012,0.121,0.224,0.004,0.386
VZ Holding AG (SWX:VZN),VZN SW,16-Apr-12,Tender,Big4 to Big4,Financial,807,-0.115,-0.134,0.069,0.318,0.498,-0.027,0.03,0.107,0.179,0.4,-0.088,-0.164,-0.038,0.139,0.098
AGRANA Beteiligungs-Aktiengesellschaft (WBAG:AGR),AGR AV,02-Jul-10,Not explained,Big4 to Big4,"Consumer, Non-cyclical",1382,0.095,0.018,0.164,0.267,0.333,0.106,0.096,0.172,0.199,0.157,-0.01,-0.079,-0.008,0.069,0.176
Lenzing Aktiengesellschaft (WBAG:LNZ),LNZ AV,25-Apr-17,Not explained,Big4 to Big4,Basic Materials,3220,-0.01,-0.097,-0.284,-0.371,-0.304,0.023,-0.003,0.018,0.016,0.079,-0.032,-0.094,-0.302,-0.387,-0.383
Lenzing Aktiengesellschaft (WBAG:LNZ),LNZ AV,19-Apr-12,Not explained,Big4 to Big4,Basic Materials,2200,-0.037,-0.001,-0.101,-0.18,-0.406,-0.057,0.041,0.096,0.157,0.394,0.02,-0.042,-0.197,-0.337,-0.8
Schoeller-Bleckmann Oilfield Equipment Aktiengesellschaft (WBAG:SBO),SBO AV,27-Apr-16,Not explained,Big4 to Big4,Energy,875,-0.047,-0.042,0.088,0.099,0.725,0.014,-0.002,0,0.153,0.182,-0.062,-0.041,0.088,-0.054,0.542
Schoeller-Bleckmann Oilfield Equipment Aktiengesellschaft (WBAG:SBO),SBO AV,23-Apr-15,Not explained,Big4 to Big4,Energy,1160,-0.031,-0.13,-0.127,-0.013,0.041,0.01,-0.011,-0.058,-0.116,-0.008,-0.04,-0.119,-0.07,0.103,0.048
AmRest Holdings SE (WSE:EAT),EAT PW,15-Jun-17,Mandatory rotation,Big4 to Big4,"Consumer, Cyclical",1861,0.028,-0.016,0.014,0.246,0.069,0.003,-0.01,0.014,0.042,0.051,0.025,-0.006,0,0.205,0.018
Cancom SE (XTRA:COK),COK GY,26-Jun-19,Not explained,Big4 to non-Big4,Technology,1581,0.187,0.108,,,,0.024,0.026,,,,0.164,0.082,,,
Deutsche Bank Aktiengesellschaft (XTRA:DBK),DBK GY,29-Oct-18,Mandatory rotation,Big4 to Big4,Financial,23416,-0.034,-0.056,-0.139,-0.146,,0.009,0.009,0.121,0.163,,-0.043,-0.064,-0.26,-0.308,
Evotec SE (XTRA:EVT),EVT GY,17-Jun-14,Not explained,Big4 to Big4,"Consumer, Non-cyclical",696,0.019,-0.184,-0.005,-0.004,0.014,-0.018,-0.001,-0.041,0.143,0.005,0.036,-0.183,0.036,-0.147,0.009
MorphoSys AG (XTRA:MOR),MOR GY,20-May-11,Not explained,Big4 to Big4,"Consumer, Non-cyclical",607,-0.065,-0.118,-0.181,-0.127,0.726,-0.045,-0.195,-0.158,-0.111,0.196,-0.02,0.077,-0.023,-0.016,0.531
MorphoSys AG (XTRA:MOR),MOR GY,25-May-10,Not explained,Big4 to Big4,"Consumer, Non-cyclical",511,0.037,0.039,0.113,0.418,0.208,0.074,0.074,0.167,0.237,0.126,-0.037,-0.035,-0.054,0.181,0.082
Telefónica Deutschland Holding AG (XTRA:O2D),O2D GY,09-May-17,Not explained,Big4 to Big4,Communications,14798,0.077,0.129,0.042,0.01,-0.248,-0.006,-0.031,0,0.025,0.018,0.083,0.16,0.042,-0.015,-0.266
CPI Property Group S.A. (XTRA:O5G),O5G GY,03-Oct-19,Resignation,Big4 to Big4,Financial,#N/A N/A,-0.021,,,,,0.059,,,,,-0.08,,,,
OHB SE (XTRA:OHB),OHB GY,25-May-16,Not explained,Non-Big4 to Big4,Industrial,373,-0.037,0.035,0.02,0.531,0.901,-0.073,-0.012,-0.006,0.163,0.198,0.037,0.047,0.026,0.368,0.703
VIB Vermögen AG (XTRA:VIH1),VIH1 GY,29-Jun-18,Previous reappointed,Big4 to Big4,Financial,703,-0.023,0.055,-0.032,0.16,,0.033,0.013,-0.107,0.05,,-0.055,0.042,0.075,0.11,
Wirecard AG (XTRA:WDI),WDI GY,22-Jun-11,Previous reappointed,Big4 to Big4,"Consumer, Non-cyclical",1820,0.077,-0.032,0.092,0.286,0.78,0.016,-0.194,-0.095,-0.042,0.128,0.061,0.161,0.188,0.329,0.652
Ferrari N.V. (NYSE:RACE),RACE IM,12-Apr-19,Previous reappointed,Big4 to Big4,"Consumer, Cyclical",#N/A N/A,0.026,0.217,0.151,,,-0.019,0.015,0.033,,,0.045,0.202,0.117,,
TechnipFMC plc (NYSE:FTI),FTI FP,15-Jun-18,Previous dismissed,Big4 to Big4,Energy,#N/A N/A,0.01,-0.018,-0.298,-0.226,,-0.009,-0.024,-0.1,0.009,,0.019,0.007,-0.198,-0.235,
TechnipFMC plc (NYSE:FTI),FTI FP,17-Jan-17,Previous dismissed,Big4 to Big4,Energy,#N/A N/A,-0.092,-0.067,-0.266,-0.174,-0.382,0.023,0.061,0.094,0.134,0.034,-0.115,-0.128,-0.36,-0.308,-0.416
QIAGEN N.V. (NYSE:QGEN),QIA GY,07-May-15,Previous dismissed,Big4 to Big4,"Consumer, Non-cyclical",#N/A N/A,0.028,0.17,0.089,-0.106,0.367,0.006,0.03,-0.01,-0.118,0.085,0.021,0.139,0.099,0.012,0.282
Core Laboratories N.V. (NYSE:CLB),CLB NA,04-May-15,Previous dismissed,Big4 to Big4,Energy,#N/A N/A,-0.107,-0.161,-0.04,-0.022,-0.102,-0.003,0.015,-0.027,-0.135,0.057,-0.104,-0.176,-0.013,0.113,-0.159
