Ticker,AuditorYears,Auditor,Opinion,ISSscore
ENX FP Equity,2,ERNST & YOUNG LLP,Unqualified,1
PSPN SE Equity,2,ERNST & YOUNG,Unqualified,1
BOL SS Equity,#N/A N/A,DELOITTE,Unqualified,1
BHP LN Equity,17,KPMG LLP,Unqualified,1
AGK LN Equity,#N/A N/A,KPMG LLP,Unqualified,1
TGS NO Equity,#N/A N/A,KPMG,Unqualified,1
MOR GY Equity,8,PRICEWATERHOUSE COOPERS,Unqualified,1
NDA SS Equity,#N/A N/A,PRICEWATERHOUSE COOPERS,Not audited,3
WIE AV Equity,2,DELOITTE WIRTSCHAFTSPRUPFUNGS,Unqualified,1
KPN NA Equity,4,ERNST & YOUNG,Not audited,1
NEM GY Equity,#N/A N/A,ERNST & YOUNG,Unqualified,5
CARLB DC Equity,2,PRICEWATERHOUSE COOPERS,Unqualified,1
GETIB SS Equity,11,OHRLINGS PRICEWATERHOUSECOOPEE,Unqualified,1
RIO LN Equity,24,PRICEWATERHOUSE COOPERS LLP,Unqualified,10
MOWI NO Equity,#N/A N/A,ERNST & YOUNG,Unqualified,10
AGN NA Equity,#N/A N/A,PWC,Unqualified,1
AAL LN Equity,20,Deloitte LLP,Unqualified,1
AMUN FP Equity,#N/A N/A,PRICEWATERHOUSE COOPERS,Unqualified,5
PKN PW Equity,#N/A N/A,DELOITTE,Unqualified,#N/A N/A
BBVA SQ Equity,#N/A N/A,KPMG,Unqualified,1
SPSN SE Equity,20,KPMG AG,Unqualified,1
AFX GY Equity,#N/A N/A,Ernst & Young GmbH Wirtschafts,Unqualified,1
SAN SQ Equity,#N/A N/A,PWC,Unqualified,1
SPIE FP Equity,8,PRICEWATERHOUSE COOPERS,Unqualified,1
ACKB BB Equity,18,ERNST & YOUNG,Unqualified,1
ELE SQ Equity,#N/A N/A,ERNST & YOUNG,Unqualified,1
PHIA NA Equity,3,ERNST & YOUNG LLP,Unqualified,1
GJF NO Equity,2,DELOITTE AS,Unqualified,1
UTG LN Equity,4,Deloitte LLP,Unqualified,1
HPOLB SS Equity,17,ERNST & YOUNG,Unqualified,1
PZU PW Equity,#N/A N/A,KPMG,Unqualified,#N/A N/A
REP SQ Equity,#N/A N/A,PWC,Unqualified,1
ATE FP Equity,#N/A N/A,KPMG AUDIT,Unqualified,1
TEF SQ Equity,#N/A N/A,PWC,Unqualified,1
ITRK LN Equity,3,PRICEWATERHOUSE COOPERS LLP,Unqualified,1
FP FP Equity,#N/A N/A,KPMG AUDIT,Unqualified,1
ALLN SE Equity,#N/A N/A,ERNST & YOUNG,Unqualified,#N/A N/A
EMG LN Equity,5,PRICEWATERHOUSECOOPERS LLP,Unqualified,#N/A N/A
AI FP Equity,#N/A N/A,ERNST & YOUNG ET AUTRES,Unqualified,1
BC8 GY Equity,#N/A N/A,ERNST & YOUNG,Unqualified,5
CS FP Equity,#N/A N/A,PRICEWATERHOUSE COOPERS,Unqualified,1
BNP FP Equity,#N/A N/A,DELOITTE & ASSOC,Unqualified,1
BN FP Equity,#N/A N/A,PRICEWATERHOUSE COOPERS,Unqualified,1
HL/ LN Equity,6,PRICEWATERHOUSE COOPERS LLP,Unqualified,1
CAP FP Equity,17,KPMG AUDIT,Unqualified,1
PGN PW Equity,#N/A N/A,DELOITTE,Unqualified,#N/A N/A
CA FP Equity,#N/A N/A,DELOITTE,Unqualified,1
WG/ LN Equity,2,KPMG LLP,Unqualified,1
DWNI GY Equity,#N/A N/A,KPMG AG,Unqualified,1
SGO FP Equity,#N/A N/A,PRICEWATERHOUSE COOPERS,Unqualified,1
TECN SE Equity,#N/A N/A,ERNST & YOUNG,Unqualified,5
KN FP Equity,#N/A N/A,PRICEWATERHOUSE COOPERS,Unqualified,5
EL FP Equity,#N/A N/A,PRICEWATERHOUSE COOPERS,Unqualified,5
LSE LN Equity,5,ERNST & YOUNG LLP,Unqualified,1
WDP BB Equity,12,DELOITTE,Unqualified,1
SIM DC Equity,#N/A N/A,PRICEWATERHOUSE COOPERS,Unqualified,1
CO FP Equity,#N/A N/A,ERNST & YOUNG,Unqualified,1
FGR FP Equity,#N/A N/A,KPMG,Unqualified,5
EXPN LN Equity,3,KPMG LLP,Unqualified,1
BME LN Equity,3,KPMG,Qualified: Limited Scope,1
GFC FP Equity,#N/A N/A,MAZARS,Unqualified,1
LPP PW Equity,#N/A N/A,ERNST & YOUNG,Not audited,#N/A N/A
LI FP Equity,#N/A N/A,DELOITTE & ASSOC,Unqualified,1
EVT GY Equity,5,Ernst & Young GmbH Wirtschafts,Unqualified,1
GYC GY Equity,#N/A N/A,KPMG,Unqualified,5
MF FP Equity,#N/A N/A,DELOITTE & ASSOC,Unqualified,1
SCR FP Equity,#N/A N/A,MAZARS,Unqualified,1
CDR PW Equity,#N/A N/A,GRANT THORNTON,Unqualified,#N/A N/A
RF FP Equity,#N/A N/A,PRICEWATERHOUSE COOPERS,Qualified: Limited Scope,5
SAF FP Equity,#N/A N/A,ERNST & YOUNG,Unqualified,1
DNB NO Equity,#N/A N/A,ERNST & YOUNG AS,Unqualified,1
HO FP Equity,#N/A N/A,MAZARS,Unqualified,1
MONY LN Equity,12,KPMG LLP,Unqualified,1
DLG GY Equity,#N/A N/A,Deloitte LLP,Unqualified,1
LUPE SS Equity,18,PRICEWATERHOUSE COOPERS,Unqualified,1
KYG ID Equity,3,PRICEWATERHOUSE COOPERS,Unqualified,1
HLE GY Equity,#N/A N/A,PRICEWATERHOUSE COOPERS,Unqualified,1
EVD GY Equity,2,KPMG AG,Unqualified,5
AD NA Equity,6,PWC,Not audited,1
INVP LN Equity,18,ERNST & YOUNG LLP,Unqualified,1
UCG IM Equity,#N/A N/A,KPMG,Unqualified,9
MB IM Equity,#N/A N/A,PWC,Unqualified,1
SY1 GY Equity,#N/A N/A,ERNST & YOUNG,Unqualified,1
AUTO LN Equity,3,KPMG LLP,Unqualified,1
G IM Equity,#N/A N/A,ERNST & YOUNG SPA,Unqualified,1
SOF BB Equity,#N/A N/A,DELOITTE BEDRIFSREVISOREN,Unqualified,5
DSM NA Equity,#N/A N/A,KPMG,Unqualified,1
IP IM Equity,#N/A N/A,ERNST & YOUNG,Unqualified,1
BION SE Equity,#N/A N/A,PRICEWATERHOUSE COOPERS AG,Not audited,1
MTX GY Equity,5,Ernst & Young GmbH Wirtschafts,Unqualified,1
KBC BB Equity,#N/A N/A,PWC,Unqualified,1
YAR NO Equity,#N/A N/A,DELOITTE AS,Not audited,1
IBE SQ Equity,2,KPMG,Unqualified,1
SOLB BB Equity,18,DELOITTE,Unqualified,1
INGA NA Equity,3,KPMG ACCOUNTANTS NV,Unqualified,9
UNA NA Equity,5,KPMG,Unqualified,1
G1A GY Equity,#N/A N/A,KPMG,Unqualified,1
ULVR LN Equity,5,KPMG LLP,Unqualified,1
EVR LN Equity,8,ERNST & YOUNG LLP,Unqualified,1
HEIO NA Equity,#N/A N/A,DELOITTE,Unqualified,#N/A N/A
SBMO NA Equity,5,PRICEWATERHOUSE COOPERS,Unqualified,5
RAND NA Equity,4,DELOITTE,Unqualified,1
ASHM LN Equity,14,KPMG LLP,Unqualified,1
VER AV Equity,12,DELOITTE WIRTSCHAFTSPRUPFUNGS,Unqualified,1
AGS BB Equity,1,PWC,Unqualified,5
ORSTED DC Equity,9,PWC,Unqualified,1
VMUK LN Equity,3,ERNST & YOUNG,Unqualified,1
SOBI SS Equity,5,ERNST & YOUNG AB,Unqualified,1
GBLB BB Equity,3,DELOITEE BEDRIJFSREVISOREN,Unqualified,1
EPIA SS Equity,#N/A N/A,DELOITTE,Unqualified,1
KESKOB FH Equity,#N/A N/A,PRICEWATERHOUSE COOPERS,Not audited,1
ACS SQ Equity,#N/A N/A,DELOITTE,Unqualified,1
AED BB Equity,#N/A N/A,ERNST & YOUNG REVISEURS D'ENTR,Unqualified,#N/A N/A
SPM IM Equity,9,ERNST & YOUNG,Unqualified,1
EBS AV Equity,#N/A N/A,PWC WIRTSCHAFTSPRUFUNG AG,Unqualified,1
SAMPO FH Equity,17,ERNST & YOUNG OY,Unqualified,1
SKG ID Equity,1,KPMG,Unqualified,1
INDT SS Equity,#N/A N/A,PRICEWATERHOUSE COOPERS,Unqualified,#N/A N/A
MAP SQ Equity,#N/A N/A,KPMG,Unqualified,1
OCDO LN Equity,2,DELOITTE,Unqualified,1
ATC NA Equity,#N/A N/A,DELOITTE,Unqualified,9
NTGY SQ Equity,#N/A N/A,ERNST & YOUNG,Unqualified,1
ISP IM Equity,7,KPMG,Unqualified,9
BEZ LN Equity,17,KPMG,Not audited,1
BOL FP Equity,#N/A N/A,CONSTANTIN ASSOCIES,Qualified: Limited Scope,5
ENI IM Equity,9,ERNST & YOUNG SPA,Unqualified,1
ABN NA Equity,4,ERNST & YOUNG LLP,Unqualified,1
TRYG DC Equity,17,DELOITTE,Unqualified,5
ADP FP Equity,#N/A N/A,DELOITTE & ASSOC,Unqualified,1
AF FP Equity,#N/A N/A,KPMG AUDIT,Unqualified,1
ENGI FP Equity,#N/A N/A,DELOITTE & ASSOC,Not audited,1
COV FP Equity,#N/A N/A,MAZARS,Unqualified,1
EDF FP Equity,#N/A N/A,DELOITTE & ASSOC,Unqualified,1
ORA FP Equity,#N/A N/A,KPMG AUDIT,Unqualified,1
CNP FP Equity,#N/A N/A,PRICEWATERHOUSE COOPERS,Unqualified,5
MRL SQ Equity,#N/A N/A,DELOITTE,Unqualified,9
INDUA SS Equity,#N/A N/A,PWC,Unqualified,1
IG IM Equity,#N/A N/A,PWC,Unqualified,1
IIA AV Equity,7,ALFA CONTEXPERT SRL,Unqualified,1
MCRO LN Equity,2,KPMG LLP,Unqualified,9
AMS SE Equity,3,KPMG AUSTRIA GMBH,Unqualified,1
VOE AV Equity,24,GRANT THORNTON,Unqualified,1
BOSS GY Equity,7,ERNST & YOUNG,Unqualified,1
ABI BB Equity,#N/A N/A,DELOITTE,Unqualified,1
QIA GY Equity,17,KPMG AG,Unqualified,1
PROX BB Equity,#N/A N/A,BLANK COMPANY:1634,Unqualified,1
STM IM Equity,3,KPMG,Unqualified,1
FBK IM Equity,6,DELOITTE & TOUCHE SPA,Unqualified,1
EDP PL Equity,15,PWC,Unqualified,1
REE SQ Equity,#N/A N/A,KPMG,Unqualified,1
MT NA Equity,13,BLANK COMPANY:1634,Unqualified,1
BME SQ Equity,#N/A N/A,PRICEWATERHOUSE COOPERS AUDIT,Unqualified,1
VPK NA Equity,#N/A N/A,DELOITTE,Unqualified,1
A2A IM Equity,#N/A N/A,ERNST & YOUNG SPA,Unqualified,1
FORTUM FH Equity,#N/A N/A,DELOITTE,Unqualified,1
PST IM Equity,#N/A N/A,PRICEWATERHOUSECOOPERS SPA,Unqualified,1
CPR IM Equity,9,EY Office Ltd,Unqualified,5
VIE FP Equity,#N/A N/A,BLANK COMPANY:1634,Unqualified,1
SAN FP Equity,#N/A N/A,ERNST & YOUNG ET AUTRES,Unqualified,1
GALP PL Equity,#N/A N/A,PRICEWATERHOUSE COOPERS,Unqualified,1
ENEL IM Equity,#N/A N/A,ERNST & YOUNG,#N/A Field Not Applicable,1
BNR GY Equity,9,PRICEWATERHOUSECOOPERS GMBH,Unqualified,10
ENG SQ Equity,#N/A N/A,ERNST & YOUNG,Unqualified,5
LIN GY Equity,27,PRICEWATERHOUSECOOPERS LLP,Unqualified,#N/A N/A
TRN IM Equity,8,PWC,Unqualified,5
TKWY NA Equity,#N/A N/A,DELOITTE ACC BV AMSTERDAM,Unqualified,5
IPN FP Equity,#N/A N/A,KPMG AUDIT,Unqualified,1
IMCD NA Equity,3,DELOITTE,Unqualified,1
SRG IM Equity,1,PRICEWATERHOUSE COOPERS,Unqualified,5
FER SQ Equity,#N/A N/A,DELOITTE,Unqualified,1
TEN IM Equity,8,PRICEWATERHOUSECOOPERS,Unqualified,1
WLN FP Equity,#N/A N/A,DELOITTE,Unqualified,1
ATL IM Equity,7,DELOITTE,Unqualified,5
UBI IM Equity,8,DELOITTE & TOUCHE SPA,Unqualified,5
BIM FP Equity,#N/A N/A,GRANT THORNTON,Not audited,1
RXL FP Equity,#N/A N/A,KPMG,Unqualified,1
CABK SQ Equity,#N/A N/A,PWC,Unqualified,5
ELI BB Equity,#N/A N/A,KPMG,Unqualified,1
SEV FP Equity,#N/A N/A,MAZARS,Unqualified,1
AT1 GY Equity,#N/A N/A,KPMG,Unqualified,1
CRH ID Equity,31,ERNST & YOUNG,Unqualified,1
BIRG ID Equity,1,KPMG,Unqualified,1
SGRE SQ Equity,#N/A N/A,ERNST & YOUNG,Not audited,1
AKERBP NO Equity,#N/A N/A,KPMG,Unqualified,1
TUI LN Equity,2,DELOITTE WIRTSCHAFTSPRUPFUNGS,Unqualified,1
AIBG ID Equity,6,DELOITTE,Unqualified,#N/A N/A
ADYEN NA Equity,10,PRICEWATERHOUSE COOPERS,Unqualified,5
AOX GY Equity,1,KPMG AG,Unqualified,1
FNTN GY Equity,#N/A N/A,PRICEWATERHOUSE COOPERS,Unqualified,1
HER IM Equity,#N/A N/A,DELOITTE,Unqualified,1
GXI GY Equity,#N/A N/A,DELOITTE,Unqualified,1
BEAN SE Equity,14,KPMG AG,Unqualified,#N/A N/A
ESSITYB SS Equity,2,ERNST & YOUNG AB,Unqualified,1
DHER GY Equity,#N/A N/A,KPMG AG,Unqualified,1
PHNX LN Equity,2,ERNST & YOUNG LLP,Unqualified,1
VALMT FH Equity,5,PRICEWATERHOUSECOOPERS OY,Unqualified,1
DCC LN Equity,5,KPMG,Unqualified,1
STJ LN Equity,10,PRICEWATERHOUSECOOPERS LLP,Unqualified,1
EZJ LN Equity,13,PRICEWATERHOUSE COOPERS LLP,Not audited,1
NIBEB SS Equity,#N/A N/A,KPMG AB,Qualified: uncertainty,1
KGX GY Equity,12,DELOITTE,Unqualified,1
EVK GY Equity,6,PRICEWATERHOUSECOOPERS GMBH,Unqualified,1
ERF FP Equity,#N/A N/A,PWC,Unqualified,1
OMU LN Equity,#N/A N/A,KPMG,Unqualified,1
G24 GY Equity,3,KPMG AG,Not audited,1
DPH LN Equity,5,PRICEWATERHOUSE COOPERS LLP,Unqualified,1
GLJ GY Equity,#N/A N/A,KPMG AG,Unqualified,1
NEXI IM Equity,#N/A N/A,PWC,Unqualified,#N/A N/A
POLY LN Equity,8,#N/A N/A,Unqualified,1
AAK SS Equity,14,BLANK COMPANY:1634,Unqualified,5
JUP LN Equity,12,PRICEWATERHOUSE COOPERS LLP,Unqualified,1
SHL GY Equity,#N/A N/A,ERNST & YOUNG WIRTSCHAFTS,Not audited,1
SPL PW Equity,#N/A N/A,PWC,Not audited,#N/A N/A
GVC LN Equity,9,KPMG LLP,Unqualified,1
KOJAMO FH Equity,14,KPMG,Unqualified,#N/A N/A
SMWH LN Equity,4,PRICEWATERHOUSE COOPERS LLP,Not audited,9
COL SQ Equity,#N/A N/A,PWC,Unqualified,#N/A N/A
SWMA SS Equity,2,DELOITTE,Unqualified,1
IMB LN Equity,23,PRICEWATERHOUSE COOPERS LLP,Not audited,1
BBOX LN Equity,5,BDO LLP,Unqualified,#N/A N/A
BARN SE Equity,14,KPMG AG,Unqualified,5
ALT FP Equity,#N/A N/A,DELOITTE & ASSOC,Unqualified,1
FCA IM Equity,7,ERNST & YOUNG SPA,Unqualified,1
BATS LN Equity,4,KPMG LLP,Unqualified,1
VACN SE Equity,#N/A N/A,KPMG AG,Unqualified,1
NMC LN Equity,#N/A N/A,ERNST & YOUNG LLP,Unqualified,1
BVIC LN Equity,14,ERNST & YOUNG LLP,Unqualified,1
REC IM Equity,8,KPMG,#N/A Field Not Applicable,5
AM FP Equity,#N/A N/A,DELOITTE & ASSOC,Unqualified,9
DIA IM Equity,3,PWC,Unqualified,5
ALV GY Equity,1,PWC,Unqualified,1
RWE GY Equity,18,PRICEWATERHOUSE COOPERS,Unqualified,1
BAYN GY Equity,2,DELOITTE,Unqualified,10
BMW GY Equity,#N/A N/A,KPMG,Unqualified,10
AMBUB DC Equity,#N/A N/A,ERNST & YOUNG,Qualified: uncertainty,1
CBK GY Equity,1,ERNST & YOUNG,Unqualified,5
DBK GY Equity,#N/A N/A,KPMG AG,Unqualified,10
BAS GY Equity,13,KPMG AG,Unqualified,1
HEN3 GY Equity,#N/A N/A,KPMG AG,Unqualified,1
LHA GY Equity,64,PRICEWATERHOUSE COOPERS,Unqualified,1
SIE GY Equity,10,Ernst & Young GmbH Wirtschafts,Not audited,1
VOW3 GY Equity,#N/A N/A,PRICEWATERHOUSE COOPERS,Unqualified,10
EOAN GY Equity,#N/A N/A,PRICEWATERHOUSECOOPERS GMBH,Unqualified,1
O2D GY Equity,2,PRICEWATERHOUSE COOPERS AG,Unqualified,1
BEI GY Equity,13,ERNST & YOUNG,Unqualified,1
HEI GY Equity,#N/A N/A,ERNST & YOUNG,Unqualified,1
SDF GY Equity,47,DELOITTE,Unqualified,5
MUV2 GY Equity,#N/A N/A,KPMG,Unqualified,1
FRE GY Equity,#N/A N/A,KPMG AG,Unqualified,10
SAP GY Equity,17,KPMG,Unqualified,1
MRK GY Equity,24,KPMG AG,Unqualified,5
FERG LN Equity,4,Deloitte LLP,Unqualified,#N/A N/A
ADS GY Equity,#N/A N/A,KPMG AG,Unqualified,1
DTE GY Equity,23,PRICEWATERHOUSECOOPERS GMBH,Unqualified,1
DPW GY Equity,#N/A N/A,PRICEWATERHOUSE COOPERS,Unqualified,1
FME GY Equity,23,KPMG AG,Unqualified,10
ZAL GY Equity,9,ERNST & YOUNG WIRTSCHAFTS,Unqualified,5
DAI GY Equity,#N/A N/A,KPMG AG,Unqualified,10
TKA GY Equity,6,PRICEWATERHOUSECOOPERS GMBH,Unqualified,1
IFX GY Equity,19,KPMG AG,Not audited,1
DB1 GY Equity,18,KPMG AG,Unqualified,10
SSPG LN Equity,13,KPMG LLP,Unqualified,1
HNR1 GY Equity,26,PRICEWATERHOUSE COOPERS,Unqualified,1
CON GY Equity,#N/A N/A,KPMG AG,Unqualified,1
LXS GY Equity,#N/A N/A,PRICEWATERHOUSECOOPERS GMBH,Unqualified,1
BDEV LN Equity,13,DELOITTE,Unqualified,1
BKG LN Equity,6,KPMG LLP,Unqualified,1
INCH LN Equity,1,DELOITTE & TOUCHE LLP,Unqualified,1
KGF LN Equity,10,Deloitte LLP,Unqualified,1
SALM NO Equity,#N/A N/A,ERNST & YOUNG,Unqualified,1
MKS LN Equity,5,DELOITTE,Unqualified,1
NXT LN Equity,3,PRICEWATERHOUSE COOPERS LLP,Unqualified,1
PSON LN Equity,23,PRICEWATERHOUSECOOPERS LLP,Unqualified,1
PSN LN Equity,3,ERNST & YOUNG LLP,Unqualified,1
REL LN Equity,3,ERNST & YOUNG LLP,Unqualified,1
TW/ LN Equity,#N/A N/A,Deloitte LLP,Unqualified,1
ALC SE Equity,#N/A N/A,PRICEWATERHOUSE COOPERS,Unqualified,#N/A N/A
WTB LN Equity,4,Deloitte LLP,Unqualified,9
WPP LN Equity,17,Deloitte LLP,Unqualified,1
BKIA SQ Equity,#N/A N/A,ERNST & YOUNG,Unqualified,1
AC FP Equity,24,DELOITTE,Unqualified,5
CDI FP Equity,#N/A N/A,MAZARS,Unqualified,5
VIV FP Equity,#N/A N/A,DELOITTE & ASSOC,Unqualified,1
EO FP Equity,#N/A N/A,MAZARS,#N/A Field Not Applicable,5
SN/ LN Equity,4,KPMG LLP,Unqualified,1
MC FP Equity,#N/A N/A,ERNST & YOUNG,Unqualified,1
ML FP Equity,#N/A N/A,PRICEWATERHOUSE COOPERS,Unqualified,1
COLOB DC Equity,22,PRICEWATERHOUSE COOPERS,Unqualified,1
RACE IM Equity,4,ERNST & YOUNG LLP,Unqualified,1
MMB FP Equity,#N/A N/A,ERNST & YOUNG,Not audited,5
KER FP Equity,#N/A N/A,KPMG,Unqualified,9
UG FP Equity,#N/A N/A,MAZARS,Unqualified,1
PUB FP Equity,#N/A N/A,MAZARS,Unqualified,1
TOP DC Equity,#N/A N/A,ERNST & YOUNG,Unqualified,1
RNO FP Equity,#N/A N/A,KPMG,Unqualified,1
SK FP Equity,#N/A N/A,PRICEWATERHOUSE COOPERS,Unqualified,1
GN DC Equity,#N/A N/A,ERNST & YOUNG,Unqualified,1
SW FP Equity,#N/A N/A,PRICEWATERHOUSE COOPERS,Not audited,1
FR FP Equity,9,MAZARS,Unqualified,1
ELUXB SS Equity,1,DELOITTE,Unqualified,1
URW NA Equity,14,DELOITTE & ASSOC,Unqualified,1
CTEC LN Equity,3,Deloitte LLP,Unqualified,1
WKL NA Equity,#N/A N/A,DELOITTE,Not audited,1
PAH3 GY Equity,35,ERNST & YOUNG,Unqualified,5
EKTAB SS Equity,8,PRICEWATERHOUSE COOPERS,Unqualified,1
HMB SS Equity,25,ERNST & YOUNG AB,Qualified: uncertainty,1
RHM GY Equity,92,PRICEWATERHOUSE COOPERS,Unqualified,1
DEMANT DC Equity,22,DELOITTE,Unqualified,1
TEP FP Equity,8,KPMG,Unqualified,5
SCHA NO Equity,#N/A N/A,ERNST & YOUNG AS,Not audited,1
NG/ LN Equity,2,Deloitte LLP,Unqualified,1
PUM GY Equity,7,DELOITTE,Unqualified,1
TELIA SS Equity,5,DELOITTE,Unqualified,10
RMS FP Equity,#N/A N/A,PRICEWATERHOUSE COOPERS,Not audited,5
TEL NO Equity,#N/A N/A,ERNST & YOUNG AS,Qualified: uncertainty,1
TYRES FH Equity,#N/A N/A,KPMG OY AB,Unqualified,5
ETL FP Equity,#N/A N/A,ERNST & YOUNG,Unqualified,1
ELISA FH Equity,15,KPMG OY AB,Unqualified,1
PSM GY Equity,#N/A N/A,KPMG AG,Not audited,1
ITX SQ Equity,#N/A N/A,DELOITTE,Unqualified,1
HUSQB SS Equity,5,ERNST & YOUNG AB,Not audited,1
INF LN Equity,15,Deloitte LLP,Unqualified,9
DEC FP Equity,19,KPMG AUDIT,Not audited,1
SESG FP Equity,#N/A N/A,PWC,Unqualified,1
GSK LN Equity,1,Deloitte LLP,Unqualified,1
TNET BB Equity,#N/A N/A,KPMG,Unqualified,1
IHG LN Equity,16,ERNST & YOUNG LLP,Not audited,1
CCL LN Equity,16,PRICEWATERHOUSE COOPERS LLP,Unqualified,1
ADM LN Equity,3,Deloitte LLP,Unqualified,1
BRBY LN Equity,#N/A N/A,PRICEWATERHOUSE COOPERS LLP,Unqualified,1
FLTR ID Equity,#N/A N/A,KPMG,Unqualified,1
ORNBV FH Equity,1,KPMG,Unqualified,1
CPG LN Equity,5,KPMG LLP,Not audited,1
GLPG NA Equity,19,DELOITTE,Unqualified,1
OSR GY Equity,7,ERNST & YOUNG,Not audited,1
DOM SS Equity,#N/A N/A,PRICEWATERHOUSE COOPERS,Unqualified,1
ITV LN Equity,15,KPMG LLP,Unqualified,1
ICA SS Equity,2,KPMG,Not audited,1
HIK LN Equity,3,PRICEWATERHOUSE COOPERS,Unqualified,1
AZN LN Equity,2,PRICEWATERHOUSECOOPERS LLP,Unqualified,1
AHT LN Equity,16,Deloitte LLP,Unqualified,1
ABF LN Equity,4,BLANK COMPANY:1634,Unqualified,1
GLB ID Equity,3,Deloitte LLP,Unqualified,1
RMV LN Equity,19,KPMG,Unqualified,1
BBY LN Equity,3,KPMG,Unqualified,1
PNDORA DC Equity,8,ERNST & YOUNG,Unqualified,1
BNZL LN Equity,5,PRICEWATERHOUSE COOPERS LLP,Unqualified,1
CPI LN Equity,5,KPMG LLP,Unqualified,1
LUN DC Equity,#N/A N/A,DELOITTE,Unqualified,10
CBG LN Equity,2,PRICEWATERHOUSECOOPERS LLP,Unqualified,1
JE/ LN Equity,10,Deloitte LLP,Unqualified,1
CRDA LN Equity,1,KPMG,Unqualified,1
GALE SE Equity,#N/A N/A,ERNST & YOUNG,Unqualified,1
UN01 GY Equity,3,PRICEWATERHOUSE COOPERS,Unqualified,1
BWY LN Equity,40,KPMG LLP,Not audited,1
ECM LN Equity,5,PRICEWATERHOUSE COOPERS LLP,Unqualified,1
COB LN Equity,45,PRICEWATERHOUSE COOPERS LLP,Unqualified,1
DGE LN Equity,5,PRICEWATERHOUSECOOPERS LLP,Unqualified,9
HLMA LN Equity,2,PRICEWATERHOUSE COOPERS LLP,Unqualified,1
HSBA LN Equity,4,PRICE WATERHOUSE LLP,Unqualified,10
IMI LN Equity,10,ERNST & YOUNG LLP,Unqualified,1
HSX LN Equity,3,PRICEWATERHOUSE COOPERS,Unqualified,1
UBI FP Equity,#N/A N/A,KPMG,Unqualified,1
MGGT LN Equity,16,PRICEWATERHOUSECOOPERS LLP,Unqualified,1
LIGHT NA Equity,3,ERNST & YOUNG LLP,Unqualified,5
HWDN LN Equity,17,DELOITTE & TOUCHE LLP,Unqualified,1
MRW LN Equity,5,PRICEWATERHOUSE COOPERS LLP,Unqualified,1
VOD LN Equity,5,PRICEWATERHOUSE COOPERS LLP,Unqualified,1
UU/ LN Equity,8,KPMG LLP,Unqualified,1
BARC LN Equity,2,KPMG LLP,Unqualified,10
RTO LN Equity,10,KPMG LLP,Unqualified,1
RBS LN Equity,3,ERNST & YOUNG LLP,Unqualified,10
FTI FP Equity,2,PRICEWATERHOUSE COOPERS LLP,Unqualified,10
GMAB DC Equity,#N/A N/A,PRICEWATERHOUSECOOPERS,Unqualified,1
UDG LN Equity,2,ERNST & YOUNG,Unqualified,1
SGRO LN Equity,3,PRICEWATERHOUSE COOPERS LLP,Unqualified,1
TATE LN Equity,2,ERNST & YOUNG LLP,Unqualified,1
SBRY LN Equity,4,ERNST & YOUNG LLP,Unqualified,1
JD/ LN Equity,24,KPMG LLP,Unqualified,9
GLE FP Equity,#N/A N/A,ERNST & YOUNG,Not audited,1
EXO IM Equity,8,ERNST & YOUNG SPA,Unqualified,1
SDR LN Equity,1,BLANK COMPANY:1634,Unqualified,1
BKT SQ Equity,#N/A N/A,PWC,Unqualified,1
LDO IM Equity,7,KPMG SPA,Unqualified,5
SMIN LN Equity,23,PRICEWATERHOUSE COOPERS LLP,Unqualified,1
HSV LN Equity,18,Deloitte LLP,Unqualified,1
PNN LN Equity,5,ERNST & YOUNG LLP,Unqualified,1
STAN LN Equity,#N/A N/A,KPMG LLP,Unqualified,10
RSA LN Equity,6,KPMG LLP,Unqualified,1
TSCO LN Equity,4,Deloitte LLP,Unqualified,10
PIRC IM Equity,#N/A N/A,PWC,Unqualified,1
STERV FH Equity,#N/A N/A,PRICEWATERHOUSECOOPERS OY,Unqualified,1
SGE LN Equity,4,ERNST & YOUNG LLP,Unqualified,9
SLA LN Equity,#N/A N/A,KPMG LLP,Unqualified,1
TPK LN Equity,4,KPMG LLP,Not audited,1
SAB SQ Equity,#N/A N/A,PWC,Unqualified,1
LLOY LN Equity,24,PRICEWATERHOUSECOOPERS LLP,Unqualified,1
VWS DC Equity,21,PRICEWATERHOUSE COOPERS,Not audited,1
TLW LN Equity,15,Deloitte LLP,Unqualified,1
DLG LN Equity,19,Deloitte LLP,Not audited,1
RRTL GY Equity,#N/A N/A,PRICEWATERHOUSE COOPERS,Unqualified,1
ACA FP Equity,#N/A N/A,PRICEWATERHOUSECOOPERS,Unqualified,1
MRO LN Equity,16,Deloitte LLP,Unqualified,1
BAMI IM Equity,#N/A N/A,PWC,Unqualified,1
RBI AV Equity,14,KPMG AG,Unqualified,10
GRG LN Equity,#N/A N/A,KPMG LLP,Unqualified,1
IAG LN Equity,9,ERNST & YOUNG,Unqualified,9
BP/ LN Equity,110,N/A,Unqualified,1
GRF SQ Equity,#N/A N/A,KPMG,Unqualified,1
BT/A LN Equity,1,KPMG LLP,Unqualified,9
VNA GY Equity,#N/A N/A,KPMG AG,Unqualified,1
NN NA Equity,3,KPMG ACCOUNTANTS NV,Unqualified,1
KBX GY Equity,10,KPMG AG,Unqualified,1
AV/ LN Equity,7,PRICEWATERHOUSE COOPERS LLP,Not audited,1
LGEN LN Equity,1,KPMG LLP,Not audited,1
PRU LN Equity,20,KPMG LLP,Not audited,1
ANTO LN Equity,4,PRICEWATERHOUSE COOPERS,Unqualified,1
SXS LN Equity,2,DELOITTE,Unqualified,1
SSE LN Equity,21,KPMG LLP,Unqualified,10
MONC IM Equity,6,KPMG,Unqualified,1
WEIR LN Equity,3,PRICEWATERHOUSE COOPERS,Unqualified,1
OR FP Equity,15,PRICEWATERHOUSE COOPERS,Unqualified,1
DG FP Equity,#N/A N/A,KPMG AUDIT,Unqualified,1
EMSN SE Equity,2,ERNST & YOUNG,Unqualified,5
ATCOA SS Equity,#N/A N/A,DELOITTE,Unqualified,1
VOLVB SS Equity,1,DELOITTE,Unqualified,1
1COV GY Equity,1,KPMG AG,Unqualified,1
BUCN SE Equity,35,PRICEWATERHOUSE COOPERS AG,Unqualified,5
RMG LN Equity,#N/A N/A,KPMG LLP,Unqualified,10
IWG LN Equity,3,KPMG,Unqualified,1
B4B GY Equity,2,KPMG,Unqualified,10
ASML NA Equity,3,KPMG ACCOUNTANTS NV,Unqualified,1
VCT LN Equity,1,PRICEWATERHOUSE COOPERS LLP,Unqualified,1
BALDB SS Equity,#N/A N/A,OHRLINGS PRICEWATERHOUSECOOPEE,Unqualified,#N/A N/A
OERL SE Equity,3,PRICEWATERHOUSE COOPERS AG,Unqualified,1
TEL2B SS Equity,15,DELOITTE,Unqualified,1
DSY FP Equity,#N/A N/A,PRICEWATERHOUSE COOPERS,Unqualified,1
AVV LN Equity,17,ERNST & YOUNG LLP,Unqualified,1
SOP FP Equity,#N/A N/A,AUDITEURS ET CONSEILS ASSOCIES,Unqualified,5
ISAT LN Equity,#N/A N/A,Deloitte LLP,Unqualified,1
SAABB SS Equity,#N/A N/A,PRICEWATERHOUSE COOPERS,Unqualified,1
ANDR AV Equity,#N/A N/A,KPMG AG,Unqualified,1
WDI GY Equity,10,ERNST & YOUNG,Unqualified,10
CNHI IM Equity,5,ERNST & YOUNG LLP,Unqualified,1
LUNDB SS Equity,#N/A N/A,KPMG AB,Unqualified,1
CCH LN Equity,16,PRICEWATERHOUSE COOPERS,Unqualified,1
SRT3 GY Equity,4,KPMG AG,Unqualified,1
EDEN FP Equity,#N/A N/A,DELOITTE & ASSOC,Unqualified,1
PRY IM Equity,#N/A N/A,ERNST & YOUNG,Not audited,1
AMS SQ Equity,13,DELOITTE,Unqualified,1
CHR DC Equity,9,PRICEWATERHOUSE COOPERS,Qualified: uncertainty,1
HAS LN Equity,4,PRICEWATERHOUSECOOPERS LLP,Unqualified,1
SPX LN Equity,5,Deloitte LLP,Unqualified,1
FPE3 GY Equity,1,PRICEWATERHOUSE COOPERS,Unqualified,1
EQNR NO Equity,7,KPMG,Unqualified,1
ELIS FP Equity,#N/A N/A,PRICEWATERHOUSE COOPERS,Unqualified,1
RYA ID Equity,35,KPMG,Unqualified,9
AENA SQ Equity,#N/A N/A,KPMG,Unqualified,1
RDSA NA Equity,3,ERNST & YOUNG LLP,Unqualified,1
WRT1V FH Equity,#N/A N/A,PRICEWATERHOUSE COOPERS,Unqualified,1
OMV AV Equity,#N/A N/A,ERNST & YOUNG,Unqualified,1
SKAB SS Equity,3,ERNST & YOUNG AB,Unqualified,1
UMI BB Equity,26,REVISEURS D'ENTREPRISES,Unqualified,1
DSV DC Equity,2,PRICEWATERHOUSE COOPERS,Unqualified,1
JMT PL Equity,2,ERNST & YOUNG,Unqualified,1
KCR FH Equity,13,ERNST & YOUNG,Unqualified,1
CLNX SQ Equity,#N/A N/A,DELOITTE,Unqualified,1
BBA LN Equity,17,EisnerAmper LLP,Unqualified,1
STMN SE Equity,5,ERNST & YOUNG,Unqualified,1
PRX NA Equity,#N/A N/A,PRICEWATERHOUSE COOPERS,Unqualified,#N/A N/A
NZYMB DC Equity,18,PRICEWATERHOUSE COOPERS,Unqualified,1
TEMN SE Equity,16,PRICEWATERHOUSE COOPERS,Unqualified,1
IGG LN Equity,9,PRICEWATERHOUSE COOPERS LLP,Unqualified,1
KNEBV FH Equity,#N/A N/A,PRICEWATERHOUSE COOPERS,Unqualified,1
BLND LN Equity,5,BLANK COMPANY:1634,Unqualified,1
DLN LN Equity,5,PRICEWATERHOUSE COOPERS LLP,Unqualified,1
TOM NO Equity,#N/A N/A,KPMG,Unqualified,1
NOVOB DC Equity,#N/A N/A,PRICEWATERHOUSE COOPERS,Unqualified,1
GPOR LN Equity,17,Deloitte LLP,Unqualified,1
JMAT LN Equity,1,PRICEWATERHOUSE COOPERS LLP,Unqualified,1
HMSO LN Equity,3,PRICEWATERHOUSECOOPERS LLP,Unqualified,9
RB/ LN Equity,19,KPMG LLP,Unqualified,10
RR/ LN Equity,29,PRICEWATERHOUSE COOPERS LLP,Unqualified,1
LAND LN Equity,7,BLANK COMPANY:1634,Unqualified,1
TEG GY Equity,7,KPMG,Unqualified,1
ALFA SS Equity,1,N/A,Unqualified,1
BVI FP Equity,#N/A N/A,PRICEWATERHOUSE COOPERS,Unqualified,5
ASM NA Equity,#N/A N/A,KPMG,Unqualified,1
ROR LN Equity,5,Deloitte LLP,Unqualified,1
DIM FP Equity,#N/A N/A,KPMG,Unqualified,1
ING FP Equity,6,KPMG AUDIT,Unqualified,1
RUI FP Equity,#N/A N/A,MAZARS,Unqualified,1
HOT GY Equity,12,DELOITTE,Not audited,1
COLR BB Equity,3,ERNST & YOUNG,Unqualified,5
QLT LN Equity,3,KPMG LLP,Unqualified,1
ICAD FP Equity,#N/A N/A,PRICEWATERHOUSE COOPERS,Unqualified,1
FI/N SE Equity,7,PRICEWATERHOUSE COOPERS,Unqualified,1
CMBN SE Equity,#N/A N/A,KPMG,Unqualified,1
ARGX BB Equity,#N/A N/A,DELOITTE & ASSOC,Unqualified,1
LISN SE Equity,17,PRICEWATERHOUSE COOPERS AG,Unqualified,1
CNA LN Equity,2,Deloitte LLP,Unqualified,1
CAST SS Equity,2,DELOITTE,Unqualified,1
ERICB SS Equity,#N/A N/A,PRICEWATERHOUSE COOPERS,Unqualified,1
SKFB SS Equity,#N/A N/A,OHRLINGS PRICEWATERHOUSECOOPEE,Unqualified,1
SAND SS Equity,1,PWC,Unqualified,1
STB NO Equity,#N/A N/A,PRICEWATERHOUSECOOPERS AS,Unqualified,1
LOOMB SS Equity,#N/A N/A,DELOITTE,Unqualified,5
TRELB SS Equity,#N/A N/A,DELOITTE,Unqualified,1
ILD FP Equity,#N/A N/A,PRICEWATERHOUSE COOPERS,Unqualified,1
SECUB SS Equity,#N/A N/A,PRICEWATERHOUSE COOPERS,Unqualified,1
INVEB SS Equity,6,DELOITTE,Unqualified,1
AALB NA Equity,#N/A N/A,BLANK COMPANY:1634,Unqualified,1
CINE LN Equity,#N/A N/A,KPMG LLP,Unqualified,1
ASRNL NA Equity,#N/A N/A,ERNST & YOUNG LLP,Unqualified,1
METSO FH Equity,7,ERNST & YOUNG OY,Unqualified,1
PKO PW Equity,#N/A N/A,KPMG,Unqualified,#N/A N/A
EN FP Equity,#N/A N/A,MAZARS,Unqualified,1
MNG LN Equity,#N/A N/A,KPMG LLP,Unqualified,#N/A N/A
AKZA NA Equity,3,PRICEWATERHOUSECOOPERS,Unqualified,1
ALO FP Equity,10,PRICEWATERHOUSE COOPERS,Unqualified,1
UTDI GY Equity,#N/A N/A,ERNST & YOUNG,Not audited,5
SEBA SS Equity,19,ERNST & YOUNG AB,Unqualified,1
ISS DC Equity,#N/A N/A,ERNST & YOUNG,Unqualified,1
SHBA SS Equity,#N/A N/A,ERNST & YOUNG,Unqualified,1
NHY NO Equity,9,KPMG,Unqualified,1
BA/ LN Equity,2,Deloitte LLP,Unqualified,1
SRCG SE Equity,4,ERNST & YOUNG,Unqualified,1
HEIA NA Equity,4,DELOITTE,Unqualified,1
DANSKE DC Equity,4,DELOITTE,Qualified: uncertainty,10
SCAB SS Equity,3,ERNST & YOUNG AB,Unqualified,1
NOKIA FH Equity,32,PRICEWATERHOUSE COOPERS,Not audited,1
LOGN SE Equity,5,KPMG LLP,Unqualified,5
ASSAB SS Equity,25,PRICEWATERHOUSECOOPERS,Unqualified,1
SIKA SE Equity,24,ERNST & YOUNG,Unqualified,1
ORP FP Equity,#N/A N/A,DELOITTE & ASSOC,Unqualified,5
DUFN SE Equity,15,ERNST & YOUNG,Unqualified,5
GFS LN Equity,4,PRICEWATERHOUSE COOPERS LLP,Unqualified,1
ABBN SE Equity,1,KPMG AG,Unqualified,1
MNDI LN Equity,2,PRICEWATERHOUSE COOPERS LLP,Unqualified,1
PARG SE Equity,22,DELOITTE,Unqualified,1
ADEN SE Equity,17,ERNST & YOUNG,Unqualified,1
SU FP Equity,#N/A N/A,ERNST & YOUNG,#N/A Field Not Applicable,1
BAER SE Equity,12,KPMG AG,Unqualified,1
HUH1V FH Equity,9,ERNST & YOUNG OY,Not audited,1
ORK NO Equity,#N/A N/A,ERNST & YOUNG AS,Unqualified,1
BALN SE Equity,3,ERNST & YOUNG,Unqualified,5
CFR SE Equity,27,PRICEWATERHOUSE COOPERS,Unqualified,1
NESTE FH Equity,5,PRICEWATERHOUSECOOPERS OY,Unqualified,1
SUBC NO Equity,5,ERNST & YOUNG,Unqualified,1
CLN SE Equity,24,PRICEWATERHOUSE COOPERS,Unqualified,1
KGH PW Equity,#N/A N/A,DELOITTE,Unqualified,#N/A N/A
CSGN SE Equity,29,KPMG,Unqualified,10
KSP ID Equity,8,KPMG,Unqualified,1
HEXAB SS Equity,25,ERNST & YOUNG AB,Unqualified,1
GEBN SE Equity,20,PWC,Unqualified,1
FRA GY Equity,6,PRICEWATERHOUSECOOPERS GMBH,Unqualified,1
GIVN SE Equity,10,DELOITTE,Unqualified,1
PGHN SE Equity,18,KPMG,Unqualified,1
AIR FP Equity,3,ERNST & YOUNG LLP,Unqualified,1
KNIN SE Equity,#N/A N/A,ERNST & YOUNG,Unqualified,1
GET FP Equity,12,KPMG AUDIT,Unqualified,1
LHN SE Equity,#N/A N/A,DELOITTE,Unqualified,1
SMDS LN Equity,14,Deloitte LLP,Unqualified,1
SWEDA SS Equity,25,DELOITTE,Not audited,10
LONN SE Equity,20,KPMG AG,Unqualified,1
FABG SS Equity,17,DELOITTE,Unqualified,#N/A N/A
NESN SE Equity,10,KPMG,Unqualified,1
UPM FH Equity,#N/A N/A,PRICEWATERHOUSECOOPERS OY,Not audited,1
NOVN SE Equity,23,PRICEWATERHOUSE COOPERS,Unqualified,10
ROG SE Equity,10,KPMG AG,Unqualified,1
LR FP Equity,#N/A N/A,PRICEWATERHOUSE COOPERS,Unqualified,1
SCMN SE Equity,15,KPMG AG,Unqualified,1
SGSN SE Equity,19,DELOITTE,Unqualified,1
ATO FP Equity,26,DELOITTE & ASSOC,Unqualified,1
KINVB SS Equity,6,DELOITTE,Unqualified,1
SLHN SE Equity,17,PWC,Unqualified,1
LEG GY Equity,11,PRICEWATERHOUSECOOPERS GMBH,Unqualified,1
SOON SE Equity,19,PRICEWATERHOUSE COOPERS,Unqualified,1
UCB BB Equity,#N/A N/A,PWC,Unqualified,1
MAERSKB DC Equity,#N/A N/A,PRICEWATERHOUSE COOPERS,Not audited,1
SREN SE Equity,8,PRICEWATERHOUSECOOPERS,Unqualified,5
VIFN SE Equity,27,ERNST & YOUNG,Unqualified,5
UBSG SE Equity,21,ERNST & YOUNG,Unqualified,10
ICP LN Equity,24,KPMG LLP,Unqualified,1
UHR SE Equity,27,PRICEWATERHOUSE COOPERS AG,Unqualified,5
ZURN SE Equity,#N/A N/A,PRICEWATERHOUSE COOPERS AG,Unqualified,1
SCHP SE Equity,20,ERNST & YOUNG,Unqualified,1
AKE FP Equity,#N/A N/A,KPMG AUDIT,Unqualified,1
SVT LN Equity,15,Deloitte LLP,Unqualified,1
III LN Equity,47,ERNST & YOUNG LLP,Unqualified,1
RBREW DC Equity,1,KPMG,Unqualified,5
RI FP Equity,#N/A N/A,DELOITTE & ASSOC,Unqualified,1
RCO FP Equity,#N/A N/A,PRICEWATERHOUSE COOPERS,Unqualified,5
COFB BB Equity,#N/A N/A,DELOITEE BEDRIJFSREVISOREN,Unqualified,1
TIT IM Equity,9,PRICEWATERHOUSECOOPERS SPA,Unqualified,9
AMP IM Equity,9,PRICEWATERHOUSECOOPERS SPA,Not audited,1
FHZN SE Equity,1,ERNST & YOUNG,Unqualified,1
HELN SE Equity,14,KPMG,Unqualified,1
PEO PW Equity,#N/A N/A,KPMG,Unqualified,#N/A N/A
GLEN LN Equity,8,Deloitte LLP,Unqualified,10
